date,location,new_cases,new_deaths,total_cases,total_deaths
1/18/2020,China,,,278,6
1/19/2020,China,,,278,6
1/19/2020,Thailand,,,1,
1/20/2020,China,,,278,6
1/20/2020,Thailand,,,1,
1/20/2020,Japan,,,1,
1/21/2020,China,,,278,6
1/21/2020,Japan,,,1,
1/21/2020,Thailand,,,1,
1/21/2020,South Korea,,,2,
1/21/2020,World,0,0,282,6
1/22/2020,China,32,0,310,6
1/22/2020,Japan,0,,1,
1/22/2020,South Korea,0,,1,
1/22/2020,Thailand,0,,2,
1/22/2020,World,32,0,314,6
1/23/2020,China,264,11,574,17
1/23/2020,Japan,0,,1,
1/23/2020,South Korea,0,,1,
1/23/2020,Thailand,2,,4,
1/23/2020,United States,,,1,
1/23/2020,World,266,11,581,17
1/24/2020,China,261,8,835,25
1/24/2020,Japan,0,,1,
1/24/2020,South Korea,1,,2,
1/24/2020,Singapore,,,1,
1/24/2020,Thailand,0,,4,
1/24/2020,United States,0,,1,
1/24/2020,Vietnam,,,2,
1/24/2020,World,262,8,846,25
1/25/2020,Australia,,,3,
1/25/2020,China,462,16,1297,41
1/25/2020,France,,,3,
1/25/2020,Japan,2,,3,
1/25/2020,Nepal,,,1,
1/25/2020,South Korea,0,,2,
1/25/2020,Singapore,2,,3,
1/25/2020,Thailand,0,,4,
1/25/2020,United States,1,,2,
1/25/2020,Vietnam,0,,2,
1/25/2020,World,467,16,1320,41
1/26/2020,Australia,1,,4,
1/26/2020,China,688,15,1985,56
1/26/2020,France,0,,3,
1/26/2020,Japan,0,,3,
1/26/2020,Malaysia,,,3,
1/26/2020,Nepal,0,,1,
1/26/2020,South Korea,0,,2,
1/26/2020,Singapore,1,,4,
1/26/2020,Thailand,1,,5,
1/26/2020,United States,0,,2,
1/26/2020,Vietnam,0,,2,
1/26/2020,World,691,15,2014,56
1/27/2020,Australia,0,,4,
1/27/2020,Canada,,,1,
1/27/2020,China,776,24,2761,80
1/27/2020,France,0,,3,
1/27/2020,Japan,1,,4,
1/27/2020,Malaysia,1,,4,
1/27/2020,Nepal,0,,1,
1/27/2020,South Korea,2,,4,
1/27/2020,Singapore,0,,4,
1/27/2020,Thailand,0,,5,
1/27/2020,United States,3,,5,
1/27/2020,Vietnam,0,,2,
1/27/2020,World,783,24,2798,80
1/28/2020,Australia,1,,5,
1/28/2020,Cambodia,,,1,
1/28/2020,Canada,1,,2,
1/28/2020,China,1776,26,4537,106
1/28/2020,France,0,,3,
1/28/2020,Germany,,,1,
1/28/2020,Japan,2,,6,
1/28/2020,Malaysia,0,,4,
1/28/2020,Nepal,0,,1,
1/28/2020,South Korea,0,,4,
1/28/2020,Singapore,3,,7,
1/28/2020,Sri Lanka,,,1,
1/28/2020,Thailand,9,,14,
1/28/2020,United States,0,,5,
1/28/2020,Vietnam,0,,2,
1/28/2020,World,1792,26,4593,106
1/29/2020,Australia,2,,7,
1/29/2020,Cambodia,0,,1,
1/29/2020,Canada,1,,3,
1/29/2020,China,1460,26,5997,132
1/29/2020,France,1,,4,
1/29/2020,Germany,3,,4,
1/29/2020,Japan,1,,7,
1/29/2020,Malaysia,0,,4,
1/29/2020,Nepal,0,,1,
1/29/2020,South Korea,0,,4,
1/29/2020,Singapore,0,,7,
1/29/2020,Sri Lanka,0,,1,
1/29/2020,Thailand,0,,14,
1/29/2020,United Arab Emirates,,,4,
1/29/2020,United States,0,,5,
1/29/2020,Vietnam,0,,2,
1/29/2020,World,1468,26,6065,132
1/30/2020,Australia,0,,7,
1/30/2020,Cambodia,0,,1,
1/30/2020,Canada,0,,3,
1/30/2020,China,1739,38,7736,170
1/30/2020,Finland,,,1,
1/30/2020,France,1,,5,
1/30/2020,Germany,0,,4,
1/30/2020,India,,,1,
1/30/2020,Japan,4,,11,
1/30/2020,Malaysia,3,,7,
1/30/2020,Nepal,0,,1,
1/30/2020,Philippines,,,1,
1/30/2020,South Korea,0,,4,
1/30/2020,Singapore,3,,10,
1/30/2020,Sri Lanka,0,,1,
1/30/2020,Thailand,0,,14,
1/30/2020,United Arab Emirates,0,,4,
1/30/2020,United States,0,,5,
1/30/2020,Vietnam,0,,2,
1/30/2020,World,1750,38,7818,170
1/31/2020,Australia,2,,9,
1/31/2020,Cambodia,0,,1,
1/31/2020,Canada,0,,3,
1/31/2020,China,1984,43,9720,213
1/31/2020,Finland,0,,1,
1/31/2020,France,1,,6,
1/31/2020,Germany,1,,5,
1/31/2020,India,0,,1,
1/31/2020,Italy,,,2,
1/31/2020,Japan,3,,14,
1/31/2020,Malaysia,1,,8,
1/31/2020,Nepal,0,,1,
1/31/2020,Philippines,0,,1,
1/31/2020,South Korea,7,,11,
1/31/2020,Singapore,3,,13,
1/31/2020,Sri Lanka,0,,1,
1/31/2020,Thailand,0,,14,
1/31/2020,United Arab Emirates,0,,4,
1/31/2020,United States,1,,6,
1/31/2020,Vietnam,3,,5,
1/31/2020,World,2006,43,9826,213
2/1/2020,Australia,3,,12,
2/1/2020,Cambodia,0,,1,
2/1/2020,Canada,1,,4,
2/1/2020,China,2101,46,11821,259
2/1/2020,Finland,0,,1,
2/1/2020,France,0,,6,
2/1/2020,Germany,2,,7,
2/1/2020,India,0,,1,
2/1/2020,Italy,0,,2,
2/1/2020,Japan,3,,17,
2/1/2020,Malaysia,0,,8,
2/1/2020,Nepal,0,,1,
2/1/2020,Philippines,0,,1,
2/1/2020,South Korea,1,,12,
2/1/2020,Russia,,,2,
2/1/2020,Singapore,3,,16,
2/1/2020,Spain,,,1,
2/1/2020,Sri Lanka,0,,1,
2/1/2020,Sweden,,,1,
2/1/2020,Thailand,5,,19,
2/1/2020,United Kingdom,,,2,
2/1/2020,United Arab Emirates,0,,4,
2/1/2020,United States,1,,7,
2/1/2020,Vietnam,1,,6,
2/1/2020,World,2121,46,11953,259
2/2/2020,Australia,0,,12,
2/2/2020,Cambodia,0,,1,
2/2/2020,Canada,0,,4,
2/2/2020,China,2590,45,14411,304
2/2/2020,Finland,0,,1,
2/2/2020,France,0,,6,
2/2/2020,Germany,1,,8,
2/2/2020,India,1,,2,
2/2/2020,Italy,0,,2,
2/2/2020,Japan,3,,20,
2/2/2020,Malaysia,0,,8,
2/2/2020,Nepal,0,,1,
2/2/2020,Philippines,1,,2,1
2/2/2020,South Korea,3,,15,
2/2/2020,Russia,0,,2,
2/2/2020,Singapore,2,,18,
2/2/2020,Spain,0,,1,
2/2/2020,Sri Lanka,0,,1,
2/2/2020,Sweden,0,,1,
2/2/2020,Thailand,0,,19,
2/2/2020,United Kingdom,0,,2,
2/2/2020,United Arab Emirates,1,,5,
2/2/2020,United States,1,,8,
2/2/2020,Vietnam,1,,7,
2/2/2020,World,2604,45,14557,305
2/3/2020,Australia,0,,12,
2/3/2020,Cambodia,0,,1,
2/3/2020,Canada,0,,4,
2/3/2020,China,2827,57,17238,361
2/3/2020,Finland,0,,1,
2/3/2020,France,0,,6,
2/3/2020,Germany,2,,10,
2/3/2020,India,1,,3,
2/3/2020,Italy,0,,2,
2/3/2020,Japan,0,,20,
2/3/2020,Malaysia,0,,8,
2/3/2020,Nepal,0,,1,
2/3/2020,Philippines,0,0,2,1
2/3/2020,South Korea,0,,15,
2/3/2020,Russia,0,,2,
2/3/2020,Singapore,0,,18,
2/3/2020,Spain,0,,1,
2/3/2020,Sri Lanka,0,,1,
2/3/2020,Sweden,0,,1,
2/3/2020,Thailand,0,,19,
2/3/2020,United Kingdom,0,,2,
2/3/2020,United Arab Emirates,0,,5,
2/3/2020,United States,3,,11,
2/3/2020,Vietnam,1,,8,
2/3/2020,World,2834,57,17391,362
2/4/2020,Australia,0,,12,
2/4/2020,Cambodia,0,,1,
2/4/2020,Canada,0,,4,
2/4/2020,China,3233,64,20471,425
2/4/2020,Finland,0,,1,
2/4/2020,France,0,,6,
2/4/2020,Germany,2,,12,
2/4/2020,India,0,,3,
2/4/2020,Italy,0,,2,
2/4/2020,Japan,0,,20,
2/4/2020,Malaysia,2,,10,
2/4/2020,Nepal,0,,1,
2/4/2020,Philippines,0,0,2,1
2/4/2020,South Korea,1,,16,
2/4/2020,Russia,0,,2,
2/4/2020,Singapore,0,,18,
2/4/2020,Spain,0,,1,
2/4/2020,Sri Lanka,0,,1,
2/4/2020,Sweden,0,,1,
2/4/2020,Thailand,0,,19,
2/4/2020,United Kingdom,0,,2,
2/4/2020,United Arab Emirates,0,,5,
2/4/2020,United States,0,,11,
2/4/2020,Vietnam,1,,9,
2/4/2020,World,3239,64,20630,426
2/5/2020,Australia,1,,13,
2/5/2020,Belgium,,,1,
2/5/2020,Cambodia,0,,1,
2/5/2020,Canada,1,,5,
2/5/2020,China,3892,66,24363,491
2/5/2020,Finland,0,,1,
2/5/2020,France,0,,6,
2/5/2020,Germany,0,,12,
2/5/2020,India,0,,3,
2/5/2020,Italy,0,,2,
2/5/2020,Japan,3,,23,
2/5/2020,Malaysia,0,,10,
2/5/2020,Nepal,0,,1,
2/5/2020,Philippines,1,0,3,1
2/5/2020,South Korea,2,,18,
2/5/2020,Russia,0,,2,
2/5/2020,Singapore,6,,24,
2/5/2020,Spain,0,,1,
2/5/2020,Sri Lanka,0,,1,
2/5/2020,Sweden,0,,1,
2/5/2020,Thailand,6,,25,
2/5/2020,United Kingdom,0,,2,
2/5/2020,United Arab Emirates,0,,5,
2/5/2020,United States,0,,11,
2/5/2020,Vietnam,1,,10,
2/5/2020,World,3913,66,24544,492
2/6/2020,Australia,1,,14,
2/6/2020,Belgium,0,,1,
2/6/2020,Cambodia,0,,1,
2/6/2020,Canada,0,,5,
2/6/2020,China,3697,73,28060,564
2/6/2020,Finland,0,,1,
2/6/2020,France,0,,6,
2/6/2020,Germany,0,,12,
2/6/2020,India,0,,3,
2/6/2020,International,,,20,
2/6/2020,Italy,0,,2,
2/6/2020,Japan,2,,25,
2/6/2020,Malaysia,2,,12,
2/6/2020,Nepal,0,,1,
2/6/2020,Philippines,0,0,3,1
2/6/2020,South Korea,5,,23,
2/6/2020,Russia,0,,2,
2/6/2020,Singapore,4,,28,
2/6/2020,Spain,0,,1,
2/6/2020,Sri Lanka,0,,1,
2/6/2020,Sweden,0,,1,
2/6/2020,Thailand,0,,25,
2/6/2020,United Kingdom,0,,2,
2/6/2020,United Arab Emirates,0,,5,
2/6/2020,United States,1,,12,
2/6/2020,Vietnam,0,,10,
2/6/2020,World,3712,73,28276,565
2/7/2020,Australia,1,,15,
2/7/2020,Belgium,0,,1,
2/7/2020,Cambodia,0,,1,
2/7/2020,Canada,2,,7,
2/7/2020,China,3151,73,31211,637
2/7/2020,Finland,0,,1,
2/7/2020,France,0,,6,
2/7/2020,Germany,1,,13,
2/7/2020,India,0,,3,
2/7/2020,International,41,,61,
2/7/2020,Italy,1,,3,
2/7/2020,Japan,0,,25,
2/7/2020,Malaysia,2,,14,
2/7/2020,Nepal,0,,1,
2/7/2020,Philippines,0,0,3,1
2/7/2020,South Korea,1,,24,
2/7/2020,Russia,0,,2,
2/7/2020,Singapore,2,,30,
2/7/2020,Spain,0,,1,
2/7/2020,Sri Lanka,0,,1,
2/7/2020,Sweden,0,,1,
2/7/2020,Thailand,0,,25,
2/7/2020,United Kingdom,1,,3,
2/7/2020,United Arab Emirates,0,,5,
2/7/2020,United States,0,,12,
2/7/2020,Vietnam,2,,12,
2/7/2020,World,3205,73,31481,638
2/8/2020,Australia,0,,15,
2/8/2020,Belgium,0,,1,
2/8/2020,Cambodia,0,,1,
2/8/2020,Canada,0,,7,
2/8/2020,China,3387,86,34598,723
2/8/2020,Finland,0,,1,
2/8/2020,France,0,,6,
2/8/2020,Germany,1,,14,
2/8/2020,India,0,,3,
2/8/2020,International,3,,64,
2/8/2020,Italy,0,,3,
2/8/2020,Japan,0,,25,
2/8/2020,Malaysia,1,,15,
2/8/2020,Nepal,0,,1,
2/8/2020,Philippines,0,0,3,1
2/8/2020,South Korea,0,,24,
2/8/2020,Russia,0,,2,
2/8/2020,Singapore,3,,33,
2/8/2020,Spain,0,,1,
2/8/2020,Sri Lanka,0,,1,
2/8/2020,Sweden,0,,1,
2/8/2020,Thailand,7,,32,
2/8/2020,United Kingdom,0,,3,
2/8/2020,United Arab Emirates,2,,7,
2/8/2020,United States,0,,12,
2/8/2020,Vietnam,1,,13,
2/8/2020,World,3405,86,34886,724
2/9/2020,Australia,0,,15,
2/9/2020,Belgium,0,,1,
2/9/2020,Cambodia,0,,1,
2/9/2020,Canada,0,,7,
2/9/2020,China,2653,89,37251,812
2/9/2020,Finland,0,,1,
2/9/2020,France,5,,11,
2/9/2020,Germany,0,,14,
2/9/2020,India,0,,3,
2/9/2020,International,0,,64,
2/9/2020,Italy,0,,3,
2/9/2020,Japan,1,,26,
2/9/2020,Malaysia,2,,17,
2/9/2020,Nepal,0,,1,
2/9/2020,Philippines,0,0,3,1
2/9/2020,South Korea,3,,27,
2/9/2020,Russia,0,,2,
2/9/2020,Singapore,7,,40,
2/9/2020,Spain,0,,1,
2/9/2020,Sri Lanka,0,,1,
2/9/2020,Sweden,0,,1,
2/9/2020,Thailand,0,,32,
2/9/2020,United Kingdom,0,,3,
2/9/2020,United Arab Emirates,0,,7,
2/9/2020,United States,0,,12,
2/9/2020,Vietnam,1,,14,
2/9/2020,World,2672,89,37558,813
2/10/2020,Australia,0,,15,
2/10/2020,Belgium,0,,1,
2/10/2020,Cambodia,0,,1,
2/10/2020,Canada,0,,7,
2/10/2020,China,2984,97,40235,909
2/10/2020,Finland,0,,1,
2/10/2020,France,0,,11,
2/10/2020,Germany,0,,14,
2/10/2020,India,0,,3,
2/10/2020,International,6,,70,
2/10/2020,Italy,0,,3,
2/10/2020,Japan,0,,26,
2/10/2020,Malaysia,1,,18,
2/10/2020,Nepal,0,,1,
2/10/2020,Philippines,0,0,3,1
2/10/2020,South Korea,0,,27,
2/10/2020,Russia,0,,2,
2/10/2020,Singapore,3,,43,
2/10/2020,Spain,1,,2,
2/10/2020,Sri Lanka,0,,1,
2/10/2020,Sweden,0,,1,
2/10/2020,Thailand,0,,32,
2/10/2020,United Kingdom,1,,4,
2/10/2020,United Arab Emirates,0,,7,
2/10/2020,United States,0,,12,
2/10/2020,Vietnam,0,,14,
2/10/2020,World,2996,97,40554,910
2/11/2020,Australia,0,,15,
2/11/2020,Belgium,0,,1,
2/11/2020,Cambodia,0,,1,
2/11/2020,Canada,0,,7,
2/11/2020,China,2473,108,42708,1017
2/11/2020,Finland,0,,1,
2/11/2020,France,0,,11,
2/11/2020,Germany,0,,14,
2/11/2020,India,0,,3,
2/11/2020,International,65,,135,
2/11/2020,Italy,0,,3,
2/11/2020,Japan,0,,26,
2/11/2020,Malaysia,0,,18,
2/11/2020,Nepal,0,,1,
2/11/2020,Philippines,0,0,3,1
2/11/2020,South Korea,1,,28,
2/11/2020,Russia,0,,2,
2/11/2020,Singapore,2,,45,
2/11/2020,Spain,0,,2,
2/11/2020,Sri Lanka,0,,1,
2/11/2020,Sweden,0,,1,
2/11/2020,Thailand,1,,33,
2/11/2020,United Kingdom,4,,8,
2/11/2020,United Arab Emirates,1,,8,
2/11/2020,United States,1,,13,
2/11/2020,Vietnam,1,,15,
2/11/2020,World,2549,108,43103,1018
2/12/2020,Australia,0,,15,
2/12/2020,Belgium,0,,1,
2/12/2020,Cambodia,0,,1,
2/12/2020,Canada,0,,7,
2/12/2020,China,2022,97,44730,1114
2/12/2020,Finland,0,,1,
2/12/2020,France,0,,11,
2/12/2020,Germany,2,,16,
2/12/2020,India,0,,3,
2/12/2020,International,40,,175,
2/12/2020,Italy,0,,3,
2/12/2020,Japan,2,,28,
2/12/2020,Malaysia,0,,18,
2/12/2020,Nepal,0,,1,
2/12/2020,Philippines,0,0,3,1
2/12/2020,South Korea,0,,28,
2/12/2020,Russia,0,,2,
2/12/2020,Singapore,2,,47,
2/12/2020,Spain,0,,2,
2/12/2020,Sri Lanka,0,,1,
2/12/2020,Sweden,0,,1,
2/12/2020,Thailand,0,,33,
2/12/2020,United Kingdom,0,,8,
2/12/2020,United Arab Emirates,0,,8,
2/12/2020,United States,0,,13,
2/12/2020,Vietnam,0,,15,
2/12/2020,World,2068,97,45171,1115
2/13/2020,Australia,0,,15,
2/13/2020,Belgium,0,,1,
2/13/2020,Cambodia,0,,1,
2/13/2020,Canada,0,,7,
2/13/2020,China,1820,254,46550,1368
2/13/2020,Finland,0,,1,
2/13/2020,France,0,,11,
2/13/2020,Germany,0,,16,
2/13/2020,India,0,,3,
2/13/2020,International,-1,,174,
2/13/2020,Italy,0,,3,
2/13/2020,Japan,1,,29,
2/13/2020,Malaysia,0,,18,
2/13/2020,Nepal,0,,1,
2/13/2020,Philippines,0,0,3,1
2/13/2020,South Korea,0,,28,
2/13/2020,Russia,0,,2,
2/13/2020,Singapore,3,,50,
2/13/2020,Spain,0,,2,
2/13/2020,Sri Lanka,0,,1,
2/13/2020,Sweden,0,,1,
2/13/2020,Thailand,0,,33,
2/13/2020,United Kingdom,1,,9,
2/13/2020,United Arab Emirates,0,,8,
2/13/2020,United States,1,,14,
2/13/2020,Vietnam,1,,16,
2/13/2020,World,1826,254,46997,1369
2/14/2020,Australia,0,,15,
2/14/2020,Belgium,0,,1,
2/14/2020,Cambodia,0,,1,
2/14/2020,Canada,0,,7,
2/14/2020,China,1998,13,48548,1381
2/14/2020,Finland,0,,1,
2/14/2020,France,0,,11,
2/14/2020,Germany,0,,16,
2/14/2020,India,0,,3,
2/14/2020,International,44,,218,
2/14/2020,Italy,0,,3,
2/14/2020,Japan,4,,33,1
2/14/2020,Malaysia,1,,19,
2/14/2020,Nepal,0,,1,
2/14/2020,Philippines,0,0,3,1
2/14/2020,South Korea,0,,28,
2/14/2020,Russia,0,,2,
2/14/2020,Singapore,8,,58,
2/14/2020,Spain,0,,2,
2/14/2020,Sri Lanka,0,,1,
2/14/2020,Sweden,0,,1,
2/14/2020,Thailand,0,,33,
2/14/2020,United Kingdom,0,,9,
2/14/2020,United Arab Emirates,0,,8,
2/14/2020,United States,1,,15,
2/14/2020,Vietnam,0,,16,
2/14/2020,World,2056,13,49053,1383
2/15/2020,Australia,0,,15,
2/15/2020,Belgium,0,,1,
2/15/2020,Cambodia,0,,1,
2/15/2020,Canada,0,,7,
2/15/2020,China,1506,143,50054,1524
2/15/2020,Egypt,,,1,
2/15/2020,Finland,0,,1,
2/15/2020,France,0,,11,
2/15/2020,Germany,0,,16,
2/15/2020,India,0,,3,
2/15/2020,International,0,,218,
2/15/2020,Italy,0,,3,
2/15/2020,Japan,8,0,41,1
2/15/2020,Malaysia,2,,21,
2/15/2020,Nepal,0,,1,
2/15/2020,Philippines,0,0,3,1
2/15/2020,South Korea,0,,28,
2/15/2020,Russia,0,,2,
2/15/2020,Singapore,9,,67,
2/15/2020,Spain,0,,2,
2/15/2020,Sri Lanka,0,,1,
2/15/2020,Sweden,0,,1,
2/15/2020,Thailand,1,,34,
2/15/2020,United Kingdom,0,,9,
2/15/2020,United Arab Emirates,0,,8,
2/15/2020,United States,0,,15,
2/15/2020,Vietnam,0,,16,
2/15/2020,World,1526,143,50580,1526
2/16/2020,Australia,0,,15,
2/16/2020,Belgium,0,,1,
2/16/2020,Cambodia,0,,1,
2/16/2020,Canada,0,,7,
2/16/2020,China,1120,142,51174,1666
2/16/2020,Egypt,0,,1,
2/16/2020,Finland,0,,1,
2/16/2020,France,1,,12,1
2/16/2020,Germany,0,,16,
2/16/2020,India,0,,3,
2/16/2020,International,137,,355,
2/16/2020,Italy,0,,3,
2/16/2020,Japan,12,0,53,1
2/16/2020,Malaysia,1,,22,
2/16/2020,Nepal,0,,1,
2/16/2020,Philippines,0,0,3,1
2/16/2020,South Korea,1,,29,
2/16/2020,Russia,0,,2,
2/16/2020,Singapore,5,,72,
2/16/2020,Spain,0,,2,
2/16/2020,Sri Lanka,0,,1,
2/16/2020,Sweden,0,,1,
2/16/2020,Thailand,0,,34,
2/16/2020,United Kingdom,0,,9,
2/16/2020,United Arab Emirates,0,,8,
2/16/2020,United States,0,,15,
2/16/2020,Vietnam,0,,16,
2/16/2020,World,1277,142,51857,1669
2/17/2020,Australia,0,,15,
2/17/2020,Belgium,0,,1,
2/17/2020,Cambodia,0,,1,
2/17/2020,Canada,0,,7,
2/17/2020,China,19461,106,70635,1772
2/17/2020,Egypt,0,,1,
2/17/2020,Finland,0,,1,
2/17/2020,France,0,0,12,1
2/17/2020,Germany,0,,16,
2/17/2020,India,0,,3,
2/17/2020,International,99,,454,
2/17/2020,Italy,0,,3,
2/17/2020,Japan,6,0,59,1
2/17/2020,Malaysia,0,,22,
2/17/2020,Nepal,0,,1,
2/17/2020,Philippines,0,0,3,1
2/17/2020,South Korea,1,,30,
2/17/2020,Russia,0,,2,
2/17/2020,Singapore,3,,75,
2/17/2020,Spain,0,,2,
2/17/2020,Sri Lanka,0,,1,
2/17/2020,Sweden,0,,1,
2/17/2020,Thailand,1,,35,
2/17/2020,United Kingdom,0,,9,
2/17/2020,United Arab Emirates,1,,9,
2/17/2020,United States,0,,15,
2/17/2020,Vietnam,0,,16,
2/17/2020,World,19572,106,71429,1775
2/18/2020,Australia,0,,15,
2/18/2020,Belgium,0,,1,
2/18/2020,Cambodia,0,,1,
2/18/2020,Canada,1,,8,
2/18/2020,China,1893,98,72528,1870
2/18/2020,Egypt,0,,1,
2/18/2020,Finland,0,,1,
2/18/2020,France,0,0,12,1
2/18/2020,Germany,0,,16,
2/18/2020,India,0,,3,
2/18/2020,International,0,,454,
2/18/2020,Italy,0,,3,
2/18/2020,Japan,6,0,65,1
2/18/2020,Malaysia,0,,22,
2/18/2020,Nepal,0,,1,
2/18/2020,Philippines,0,0,3,1
2/18/2020,South Korea,1,,31,
2/18/2020,Russia,0,,2,
2/18/2020,Singapore,2,,77,
2/18/2020,Spain,0,,2,
2/18/2020,Sri Lanka,0,,1,
2/18/2020,Sweden,0,,1,
2/18/2020,Thailand,0,,35,
2/18/2020,United Kingdom,0,,9,
2/18/2020,United Arab Emirates,0,,9,
2/18/2020,United States,0,,15,
2/18/2020,Vietnam,0,,16,
2/18/2020,World,1903,98,73332,1873
2/19/2020,Australia,0,,15,
2/19/2020,Belgium,0,,1,
2/19/2020,Cambodia,0,,1,
2/19/2020,Canada,0,,8,
2/19/2020,China,1752,136,74280,2006
2/19/2020,Egypt,0,,1,
2/19/2020,Finland,0,,1,
2/19/2020,France,0,0,12,1
2/19/2020,Germany,0,,16,
2/19/2020,India,0,,3,
2/19/2020,International,88,,542,
2/19/2020,Italy,0,,3,
2/19/2020,Japan,8,0,73,1
2/19/2020,Malaysia,0,,22,
2/19/2020,Nepal,0,,1,
2/19/2020,Philippines,0,0,3,1
2/19/2020,South Korea,20,,51,
2/19/2020,Russia,0,,2,
2/19/2020,Singapore,4,,81,
2/19/2020,Spain,0,,2,
2/19/2020,Sri Lanka,0,,1,
2/19/2020,Sweden,0,,1,
2/19/2020,Thailand,0,,35,
2/19/2020,United Kingdom,0,,9,
2/19/2020,United Arab Emirates,0,,9,
2/19/2020,United States,0,,15,
2/19/2020,Vietnam,0,,16,
2/19/2020,World,1872,136,75204,2009
2/20/2020,Australia,0,,15,
2/20/2020,Belgium,0,,1,
2/20/2020,Cambodia,0,,1,
2/20/2020,Canada,0,,8,
2/20/2020,China,395,115,74675,2121
2/20/2020,Egypt,0,,1,
2/20/2020,Finland,0,,1,
2/20/2020,France,0,0,12,1
2/20/2020,Germany,0,,16,
2/20/2020,India,0,,3,
2/20/2020,International,79,,621,2
2/20/2020,Iran,,,2,2
2/20/2020,Italy,0,,3,
2/20/2020,Japan,12,0,85,1
2/20/2020,Malaysia,0,,22,
2/20/2020,Nepal,0,,1,
2/20/2020,Philippines,0,0,3,1
2/20/2020,South Korea,53,,104,1
2/20/2020,Russia,0,,2,
2/20/2020,Singapore,3,,84,
2/20/2020,Spain,0,,2,
2/20/2020,Sri Lanka,0,,1,
2/20/2020,Sweden,0,,1,
2/20/2020,Thailand,0,,35,
2/20/2020,United Kingdom,0,,9,
2/20/2020,United Arab Emirates,0,,9,
2/20/2020,United States,0,,15,
2/20/2020,Vietnam,0,,16,
2/20/2020,World,542,115,75748,2129
2/21/2020,Australia,2,,17,
2/21/2020,Belgium,0,,1,
2/21/2020,Cambodia,0,,1,
2/21/2020,Canada,0,,8,
2/21/2020,China,894,118,75569,2239
2/21/2020,Egypt,0,,1,
2/21/2020,Finland,0,,1,
2/21/2020,France,0,0,12,1
2/21/2020,Germany,0,,16,
2/21/2020,India,0,,3,
2/21/2020,International,13,0,634,2
2/21/2020,Iran,3,0,5,2
2/21/2020,Italy,0,,3,
2/21/2020,Japan,8,0,93,1
2/21/2020,Malaysia,0,,22,
2/21/2020,Nepal,0,,1,
2/21/2020,Philippines,0,0,3,1
2/21/2020,South Korea,100,0,204,1
2/21/2020,Russia,0,,2,
2/21/2020,Singapore,1,,85,
2/21/2020,Spain,0,,2,
2/21/2020,Sri Lanka,0,,1,
2/21/2020,Sweden,0,,1,
2/21/2020,Thailand,0,,35,
2/21/2020,United Kingdom,0,,9,
2/21/2020,United Arab Emirates,0,,9,
2/21/2020,United States,0,,15,
2/21/2020,Vietnam,0,,16,
2/21/2020,World,1021,118,76769,2247
2/22/2020,Australia,4,,21,
2/22/2020,Belgium,0,,1,
2/22/2020,Cambodia,0,,1,
2/22/2020,Canada,0,,8,
2/22/2020,China,823,109,76392,2348
2/22/2020,Egypt,0,,1,
2/22/2020,Finland,0,,1,
2/22/2020,France,0,0,12,1
2/22/2020,Germany,0,,16,
2/22/2020,India,0,,3,
2/22/2020,International,0,0,634,2
2/22/2020,Iran,13,2,18,4
2/22/2020,Israel,,,1,
2/22/2020,Italy,6,,9,
2/22/2020,Japan,12,0,105,1
2/22/2020,Lebanon,,,1,
2/22/2020,Malaysia,0,,22,
2/22/2020,Nepal,0,,1,
2/22/2020,Philippines,0,0,3,1
2/22/2020,South Korea,142,1,346,2
2/22/2020,Russia,0,,2,
2/22/2020,Singapore,1,,86,
2/22/2020,Spain,0,,2,
2/22/2020,Sri Lanka,0,,1,
2/22/2020,Sweden,0,,1,
2/22/2020,Thailand,0,,35,
2/22/2020,United Kingdom,0,,9,
2/22/2020,United Arab Emirates,2,,11,
2/22/2020,United States,20,,35,
2/22/2020,Vietnam,0,,16,
2/22/2020,World,1023,112,77794,2359
2/23/2020,Australia,1,,22,
2/23/2020,Belgium,0,,1,
2/23/2020,Cambodia,0,,1,
2/23/2020,Canada,1,,9,
2/23/2020,China,650,97,77042,2445
2/23/2020,Egypt,0,,1,
2/23/2020,Finland,0,,1,
2/23/2020,France,0,0,12,1
2/23/2020,Germany,0,,16,
2/23/2020,India,0,,3,
2/23/2020,International,0,1,634,3
2/23/2020,Iran,10,1,28,5
2/23/2020,Israel,0,,1,
2/23/2020,Italy,67,,76,2
2/23/2020,Japan,27,0,132,1
2/23/2020,Lebanon,0,,1,
2/23/2020,Malaysia,0,,22,
2/23/2020,Nepal,0,,1,
2/23/2020,Philippines,0,0,3,1
2/23/2020,South Korea,256,3,602,5
2/23/2020,Russia,0,,2,
2/23/2020,Singapore,3,,89,
2/23/2020,Spain,0,,2,
2/23/2020,Sri Lanka,0,,1,
2/23/2020,Sweden,0,,1,
2/23/2020,Thailand,0,,35,
2/23/2020,United Kingdom,0,,9,
2/23/2020,United Arab Emirates,2,,13,
2/23/2020,United States,0,,35,
2/23/2020,Vietnam,0,,16,
2/23/2020,World,1017,102,78811,2463
2/24/2020,Australia,0,,22,
2/24/2020,Belgium,0,,1,
2/24/2020,Cambodia,0,,1,
2/24/2020,Canada,0,,9,
2/24/2020,China,220,150,77262,2595
2/24/2020,Egypt,0,,1,
2/24/2020,Finland,0,,1,
2/24/2020,France,0,0,12,1
2/24/2020,Germany,0,,16,
2/24/2020,India,0,,3,
2/24/2020,International,61,0,695,3
2/24/2020,Iran,15,3,43,8
2/24/2020,Israel,0,,1,
2/24/2020,Italy,48,0,124,2
2/24/2020,Japan,12,0,144,1
2/24/2020,Kuwait,,,3,
2/24/2020,Lebanon,0,,1,
2/24/2020,Malaysia,0,,22,
2/24/2020,Nepal,0,,1,
2/24/2020,Philippines,0,0,3,1
2/24/2020,South Korea,161,2,763,7
2/24/2020,Russia,0,,2,
2/24/2020,Singapore,0,,89,
2/24/2020,Spain,0,,2,
2/24/2020,Sri Lanka,0,,1,
2/24/2020,Sweden,0,,1,
2/24/2020,Thailand,0,,35,
2/24/2020,United Kingdom,0,,9,
2/24/2020,United Arab Emirates,0,,13,
2/24/2020,United States,0,,35,
2/24/2020,Vietnam,0,,16,
2/24/2020,World,517,155,79331,2618
2/25/2020,Afghanistan,,,1,
2/25/2020,Australia,0,,22,
2/25/2020,Bahrain,,,8,
2/25/2020,Belgium,0,,1,
2/25/2020,Cambodia,0,,1,
2/25/2020,Canada,1,,10,
2/25/2020,China,518,71,77780,2666
2/25/2020,Egypt,0,,1,
2/25/2020,Finland,0,,1,
2/25/2020,France,0,0,12,1
2/25/2020,Germany,0,,16,
2/25/2020,India,0,,3,
2/25/2020,International,-4,0,691,3
2/25/2020,Iran,18,4,61,12
2/25/2020,Iraq,,,1,
2/25/2020,Israel,1,,2,
2/25/2020,Italy,105,4,229,6
2/25/2020,Japan,13,0,157,1
2/25/2020,Kuwait,5,,8,
2/25/2020,Lebanon,0,,1,
2/25/2020,Malaysia,0,,22,
2/25/2020,Nepal,0,,1,
2/25/2020,Oman,,,2,
2/25/2020,Philippines,0,0,3,1
2/25/2020,South Korea,214,3,977,10
2/25/2020,Russia,0,,2,
2/25/2020,Singapore,1,,90,
2/25/2020,Spain,0,,2,
2/25/2020,Sri Lanka,0,,1,
2/25/2020,Sweden,0,,1,
2/25/2020,Thailand,2,,37,
2/25/2020,United Kingdom,4,,13,
2/25/2020,United Arab Emirates,0,,13,
2/25/2020,United States,18,,53,
2/25/2020,Vietnam,0,,16,
2/25/2020,World,896,82,80239,2700
2/26/2020,Afghanistan,0,,1,
2/26/2020,Algeria,,,1,
2/26/2020,Australia,1,,23,
2/26/2020,Austria,,,2,
2/26/2020,Bahrain,18,,26,
2/26/2020,Belgium,0,,1,
2/26/2020,Cambodia,0,,1,
2/26/2020,Canada,0,,10,
2/26/2020,China,411,52,78191,2718
2/26/2020,Croatia,,,2,
2/26/2020,Egypt,0,,1,
2/26/2020,Finland,0,,1,
2/26/2020,France,0,0,12,1
2/26/2020,Germany,2,,18,
2/26/2020,India,0,,3,
2/26/2020,International,0,0,691,3
2/26/2020,Iran,34,3,95,15
2/26/2020,Iraq,4,,5,
2/26/2020,Israel,0,,2,
2/26/2020,Italy,93,5,322,11
2/26/2020,Japan,7,0,164,1
2/26/2020,Kuwait,4,,12,
2/26/2020,Lebanon,0,,1,
2/26/2020,Malaysia,0,,22,
2/26/2020,Nepal,0,,1,
2/26/2020,Oman,2,,4,
2/26/2020,Philippines,0,0,3,1
2/26/2020,South Korea,284,2,1261,12
2/26/2020,Russia,0,,2,
2/26/2020,Singapore,1,,91,
2/26/2020,Spain,0,,2,
2/26/2020,Sri Lanka,0,,1,
2/26/2020,Sweden,0,,1,
2/26/2020,Switzerland,,,1,
2/26/2020,Thailand,3,,40,
2/26/2020,United Kingdom,0,,13,
2/26/2020,United Arab Emirates,0,,13,
2/26/2020,United States,0,,53,
2/26/2020,Vietnam,0,,16,
2/26/2020,World,864,62,81109,2762
2/27/2020,Afghanistan,0,,1,
2/27/2020,Algeria,0,,1,
2/27/2020,Australia,0,,23,
2/27/2020,Austria,0,,2,
2/27/2020,Bahrain,7,,33,
2/27/2020,Belgium,0,,1,
2/27/2020,Brazil,,,1,
2/27/2020,Cambodia,0,,1,
2/27/2020,Canada,1,,11,
2/27/2020,China,439,29,78630,2747
2/27/2020,Croatia,1,,3,
2/27/2020,Denmark,,,1,
2/27/2020,Egypt,0,,1,
2/27/2020,Estonia,,,1,
2/27/2020,Finland,1,,2,
2/27/2020,France,6,1,18,2
2/27/2020,Georgia,,,1,
2/27/2020,Germany,3,,21,
2/27/2020,Greece,,,1,
2/27/2020,India,0,,3,
2/27/2020,International,14,1,705,4
2/27/2020,Iran,46,7,141,22
2/27/2020,Iraq,1,,6,
2/27/2020,Israel,0,,2,
2/27/2020,Italy,78,1,400,12
2/27/2020,Japan,22,2,186,3
2/27/2020,Kuwait,31,,43,
2/27/2020,Lebanon,1,,2,
2/27/2020,Malaysia,0,,22,
2/27/2020,Nepal,0,,1,
2/27/2020,Macedonia,,,1,
2/27/2020,Norway,,,1,
2/27/2020,Oman,0,,4,
2/27/2020,Pakistan,,,2,
2/27/2020,Philippines,0,0,3,1
2/27/2020,South Korea,505,1,1766,13
2/27/2020,Romania,,,1,
2/27/2020,Russia,0,,2,
2/27/2020,Singapore,2,,93,
2/27/2020,Spain,10,,12,
2/27/2020,Sri Lanka,0,,1,
2/27/2020,Sweden,1,,2,
2/27/2020,Switzerland,0,,1,
2/27/2020,Thailand,0,,40,
2/27/2020,United Kingdom,0,,13,
2/27/2020,United Arab Emirates,0,,13,
2/27/2020,United States,6,,59,
2/27/2020,Vietnam,0,,16,
2/27/2020,World,1175,42,82294,2804
2/28/2020,Afghanistan,0,,1,
2/28/2020,Algeria,0,,1,
2/28/2020,Australia,0,,23,
2/28/2020,Austria,2,,4,
2/28/2020,Bahrain,0,,33,
2/28/2020,Belarus,,,1,
2/28/2020,Belgium,0,,1,
2/28/2020,Brazil,0,,1,
2/28/2020,Cambodia,0,,1,
2/28/2020,Canada,0,,11,
2/28/2020,China,331,44,78961,2791
2/28/2020,Croatia,0,,3,
2/28/2020,Denmark,0,,1,
2/28/2020,Egypt,0,,1,
2/28/2020,Estonia,0,,1,
2/28/2020,Finland,0,,2,
2/28/2020,France,20,0,38,2
2/28/2020,Georgia,0,,1,
2/28/2020,Germany,5,,26,
2/28/2020,Greece,2,,3,
2/28/2020,India,0,,3,
2/28/2020,International,0,0,705,4
2/28/2020,Iran,104,4,245,26
2/28/2020,Iraq,1,,7,
2/28/2020,Israel,1,,3,
2/28/2020,Italy,250,5,650,17
2/28/2020,Japan,24,1,210,4
2/28/2020,Kuwait,0,,43,
2/28/2020,Lebanon,0,,2,
2/28/2020,Lithuania,,,1,
2/28/2020,Malaysia,2,,24,
2/28/2020,Nepal,0,,1,
2/28/2020,Netherlands,,,1,
2/28/2020,New Zealand,,,1,
2/28/2020,Nigeria,,,1,
2/28/2020,Macedonia,0,,1,
2/28/2020,Norway,3,,4,
2/28/2020,Oman,2,,6,
2/28/2020,Pakistan,0,,2,
2/28/2020,Philippines,0,0,3,1
2/28/2020,South Korea,571,0,2337,13
2/28/2020,Romania,0,,1,
2/28/2020,Russia,0,,2,
2/28/2020,Singapore,3,,96,
2/28/2020,Spain,13,,25,
2/28/2020,Sri Lanka,0,,1,
2/28/2020,Sweden,5,,7,
2/28/2020,Switzerland,5,,6,
2/28/2020,Thailand,0,,40,
2/28/2020,United Kingdom,3,,16,
2/28/2020,United Arab Emirates,6,,19,
2/28/2020,United States,0,,59,
2/28/2020,Vietnam,0,,16,
2/28/2020,World,1353,54,83652,2858
2/29/2020,Afghanistan,0,,1,
2/29/2020,Algeria,0,,1,
2/29/2020,Australia,1,,24,
2/29/2020,Austria,1,,5,
2/29/2020,Bahrain,5,,38,
2/29/2020,Belarus,0,,1,
2/29/2020,Belgium,0,,1,
2/29/2020,Brazil,0,,1,
2/29/2020,Cambodia,0,,1,
2/29/2020,Canada,3,,14,
2/29/2020,China,433,47,79394,2838
2/29/2020,Croatia,2,,5,
2/29/2020,Denmark,1,,2,
2/29/2020,Egypt,0,,1,
2/29/2020,Estonia,0,,1,
2/29/2020,Finland,0,,2,
2/29/2020,France,19,0,57,2
2/29/2020,Georgia,1,,2,
2/29/2020,Germany,31,,57,
2/29/2020,Greece,0,,3,
2/29/2020,India,0,,3,
2/29/2020,International,0,2,705,6
2/29/2020,Iran,143,8,388,34
2/29/2020,Iraq,1,,8,
2/29/2020,Israel,2,,5,
2/29/2020,Italy,238,4,888,21
2/29/2020,Japan,20,1,230,5
2/29/2020,Kuwait,2,,45,
2/29/2020,Lebanon,0,,2,
2/29/2020,Lithuania,0,,1,
2/29/2020,Malaysia,0,,24,
2/29/2020,Mexico,,,2,
2/29/2020,Nepal,0,,1,
2/29/2020,Netherlands,1,,2,
2/29/2020,New Zealand,0,,1,
2/29/2020,Nigeria,0,,1,
2/29/2020,Macedonia,0,,1,
2/29/2020,Norway,2,,6,
2/29/2020,Oman,0,,6,
2/29/2020,Pakistan,0,,2,
2/29/2020,Philippines,0,0,3,1
2/29/2020,South Korea,813,4,3150,17
2/29/2020,Romania,2,,3,
2/29/2020,Russia,0,,2,
2/29/2020,San Marino,,,1,
2/29/2020,Singapore,2,,98,
2/29/2020,Spain,7,,32,
2/29/2020,Sri Lanka,0,,1,
2/29/2020,Sweden,5,,12,
2/29/2020,Switzerland,4,,10,
2/29/2020,Thailand,2,,42,
2/29/2020,United Kingdom,4,,20,
2/29/2020,United Arab Emirates,0,,19,
2/29/2020,United States,3,,62,
2/29/2020,Vietnam,0,,16,
2/29/2020,World,1748,66,85403,2924
3/1/2020,Afghanistan,0,,1,
3/1/2020,Algeria,0,,1,
3/1/2020,Australia,1,,25,
3/1/2020,Austria,5,,10,
3/1/2020,Azerbaijan,,,3,
3/1/2020,Bahrain,2,,40,
3/1/2020,Belarus,0,,1,
3/1/2020,Belgium,0,,1,
3/1/2020,Brazil,1,,2,
3/1/2020,Cambodia,0,,1,
3/1/2020,Canada,5,,19,
3/1/2020,China,574,35,79968,2873
3/1/2020,Croatia,2,,7,
3/1/2020,Denmark,1,,3,
3/1/2020,Ecuador,,,1,
3/1/2020,Egypt,0,,1,
3/1/2020,Estonia,0,,1,
3/1/2020,Finland,0,,2,
3/1/2020,France,43,0,100,2
3/1/2020,Georgia,1,,3,
3/1/2020,Germany,0,,57,
3/1/2020,Greece,0,,3,
3/1/2020,India,0,,3,
3/1/2020,International,0,0,705,6
3/1/2020,Iran,205,9,593,43
3/1/2020,Iraq,5,,13,
3/1/2020,Ireland,,,1,
3/1/2020,Israel,2,,7,
3/1/2020,Italy,240,8,1128,29
3/1/2020,Japan,9,0,239,5
3/1/2020,Kuwait,0,,45,
3/1/2020,Lebanon,0,,2,
3/1/2020,Lithuania,0,,1,
3/1/2020,Malaysia,0,,24,
3/1/2020,Mexico,0,,2,
3/1/2020,Monaco,,,1,
3/1/2020,Nepal,0,,1,
3/1/2020,Netherlands,5,,7,
3/1/2020,New Zealand,0,,1,
3/1/2020,Nigeria,0,,1,
3/1/2020,Macedonia,0,,1,
3/1/2020,Norway,9,,15,
3/1/2020,Oman,0,,6,
3/1/2020,Pakistan,2,,4,
3/1/2020,Philippines,0,0,3,1
3/1/2020,Qatar,,,1,
3/1/2020,South Korea,586,1,3736,18
3/1/2020,Romania,0,,3,
3/1/2020,Russia,0,,2,
3/1/2020,San Marino,0,,1,
3/1/2020,Singapore,4,,102,
3/1/2020,Spain,13,,45,
3/1/2020,Sri Lanka,0,,1,
3/1/2020,Sweden,1,,13,
3/1/2020,Switzerland,8,,18,
3/1/2020,Thailand,0,,42,
3/1/2020,United Kingdom,3,,23,
3/1/2020,United Arab Emirates,0,,19,
3/1/2020,United States,0,,62,
3/1/2020,Vietnam,0,,16,
3/1/2020,World,1727,53,87137,2977
3/2/2020,Afghanistan,0,,1,
3/2/2020,Algeria,0,,1,
3/2/2020,Armenia,,,1,
3/2/2020,Australia,2,,27,1
3/2/2020,Austria,0,,10,
3/2/2020,Azerbaijan,0,,3,
3/2/2020,Bahrain,7,,47,
3/2/2020,Belarus,0,,1,
3/2/2020,Belgium,0,,1,
3/2/2020,Brazil,0,,2,
3/2/2020,Cambodia,0,,1,
3/2/2020,Canada,0,,19,
3/2/2020,China,206,42,80174,2915
3/2/2020,Croatia,0,,7,
3/2/2020,Czech Republic,,,3,
3/2/2020,Denmark,1,,4,
3/2/2020,Dominican Republic,,,1,
3/2/2020,Ecuador,0,,1,
3/2/2020,Egypt,1,,2,
3/2/2020,Estonia,0,,1,
3/2/2020,Finland,4,,6,
3/2/2020,France,0,0,100,2
3/2/2020,Georgia,0,,3,
3/2/2020,Germany,72,,129,
3/2/2020,Greece,4,,7,
3/2/2020,Iceland,,,2,
3/2/2020,India,0,,3,
3/2/2020,Indonesia,,,2,
3/2/2020,International,1,0,706,6
3/2/2020,Iran,385,11,978,54
3/2/2020,Iraq,6,,19,
3/2/2020,Ireland,0,,1,
3/2/2020,Israel,0,,7,
3/2/2020,Italy,561,6,1689,35
3/2/2020,Japan,15,1,254,6
3/2/2020,Kuwait,11,,56,
3/2/2020,Lebanon,8,,10,
3/2/2020,Lithuania,0,,1,
3/2/2020,Luxembourg,,,1,
3/2/2020,Malaysia,0,,24,
3/2/2020,Mexico,3,,5,
3/2/2020,Monaco,0,,1,
3/2/2020,Nepal,0,,1,
3/2/2020,Netherlands,6,,13,
3/2/2020,New Zealand,0,,1,
3/2/2020,Nigeria,0,,1,
3/2/2020,Macedonia,0,,1,
3/2/2020,Norway,4,,19,
3/2/2020,Oman,0,,6,
3/2/2020,Pakistan,0,,4,
3/2/2020,Philippines,0,0,3,1
3/2/2020,Qatar,2,,3,
3/2/2020,South Korea,476,4,4212,22
3/2/2020,Romania,0,,3,
3/2/2020,Russia,0,,2,
3/2/2020,San Marino,0,,1,
3/2/2020,Singapore,4,,106,
3/2/2020,Spain,0,,45,
3/2/2020,Sri Lanka,0,,1,
3/2/2020,Sweden,1,,14,
3/2/2020,Switzerland,6,,24,
3/2/2020,Thailand,0,,42,1
3/2/2020,United Kingdom,13,,36,
3/2/2020,United Arab Emirates,2,,21,
3/2/2020,United States,0,,62,
3/2/2020,Vietnam,0,,16,
3/2/2020,World,1801,64,88948,3043
3/3/2020,Afghanistan,0,,1,
3/3/2020,Algeria,4,,5,
3/3/2020,Andorra,,,1,
3/3/2020,Armenia,0,,1,
3/3/2020,Australia,6,0,33,1
3/3/2020,Austria,8,,18,
3/3/2020,Azerbaijan,0,,3,
3/3/2020,Bahrain,2,,49,
3/3/2020,Belarus,0,,1,
3/3/2020,Belgium,7,,8,
3/3/2020,Brazil,0,,2,
3/3/2020,Cambodia,0,,1,
3/3/2020,Canada,8,,27,
3/3/2020,China,130,31,80304,2946
3/3/2020,Croatia,1,,8,
3/3/2020,Czech Republic,0,,3,
3/3/2020,Denmark,1,,5,
3/3/2020,Dominican Republic,0,,1,
3/3/2020,Ecuador,5,,6,
3/3/2020,Egypt,0,,2,
3/3/2020,Estonia,0,,1,
3/3/2020,Finland,1,,7,
3/3/2020,France,91,1,191,3
3/3/2020,Georgia,0,,3,
3/3/2020,Germany,28,,157,
3/3/2020,Greece,0,,7,
3/3/2020,Iceland,7,,9,
3/3/2020,India,2,,5,
3/3/2020,Indonesia,0,,2,
3/3/2020,International,0,0,706,6
3/3/2020,Iran,523,12,1501,66
3/3/2020,Iraq,7,,26,
3/3/2020,Ireland,0,,1,
3/3/2020,Israel,3,,10,
3/3/2020,Italy,347,17,2036,52
3/3/2020,Japan,14,0,268,6
3/3/2020,Jordan,,,1,
3/3/2020,Kuwait,0,,56,
3/3/2020,Latvia,,,1,
3/3/2020,Lebanon,3,,13,
3/3/2020,Lithuania,0,,1,
3/3/2020,Luxembourg,0,,1,
3/3/2020,Malaysia,5,,29,
3/3/2020,Mexico,0,,5,
3/3/2020,Monaco,0,,1,
3/3/2020,Morocco,,,1,
3/3/2020,Nepal,0,,1,
3/3/2020,Netherlands,5,,18,
3/3/2020,New Zealand,1,,2,
3/3/2020,Nigeria,0,,1,
3/3/2020,Macedonia,0,,1,
3/3/2020,Norway,6,,25,
3/3/2020,Oman,0,,6,
3/3/2020,Pakistan,1,,5,
3/3/2020,Philippines,0,0,3,1
3/3/2020,Portugal,,,2,
3/3/2020,Qatar,4,,7,
3/3/2020,South Korea,600,6,4812,28
3/3/2020,Romania,0,,3,
3/3/2020,Russia,1,,3,
3/3/2020,San Marino,7,,8,
3/3/2020,Saudi Arabia,,,1,
3/3/2020,Senegal,,,1,
3/3/2020,Singapore,2,,108,
3/3/2020,Spain,69,,114,
3/3/2020,Sri Lanka,0,,1,
3/3/2020,Sweden,1,,15,
3/3/2020,Switzerland,6,,30,
3/3/2020,Thailand,1,0,43,1
3/3/2020,United Kingdom,3,,39,
3/3/2020,Tunisia,,,1,
3/3/2020,United Arab Emirates,0,,21,
3/3/2020,United States,2,,64,2
3/3/2020,Vietnam,0,,16,
3/3/2020,World,1912,67,90869,3112
3/4/2020,Afghanistan,0,,1,
3/4/2020,Algeria,0,,5,
3/4/2020,Andorra,0,,1,
3/4/2020,Argentina,,,1,
3/4/2020,Armenia,0,,1,
3/4/2020,Australia,10,0,43,1
3/4/2020,Austria,6,,24,
3/4/2020,Azerbaijan,0,,3,
3/4/2020,Bahrain,0,,49,
3/4/2020,Belarus,0,,1,
3/4/2020,Belgium,0,,8,
3/4/2020,Brazil,0,,2,
3/4/2020,Cambodia,0,,1,
3/4/2020,Canada,3,,30,
3/4/2020,Chile,,,1,
3/4/2020,China,118,38,80422,2984
3/4/2020,Croatia,1,,9,
3/4/2020,Czech Republic,2,,5,
3/4/2020,Denmark,3,,8,
3/4/2020,Dominican Republic,0,,1,
3/4/2020,Ecuador,1,,7,
3/4/2020,Egypt,0,,2,
3/4/2020,Estonia,1,,2,
3/4/2020,Finland,0,,7,
3/4/2020,France,21,1,212,4
3/4/2020,Georgia,0,,3,
3/4/2020,Germany,39,,196,
3/4/2020,Greece,0,,7,
3/4/2020,Iceland,7,,16,
3/4/2020,India,1,,6,
3/4/2020,Indonesia,0,,2,
3/4/2020,International,0,0,706,6
3/4/2020,Iran,835,11,2336,77
3/4/2020,Iraq,5,,31,
3/4/2020,Ireland,1,,2,
3/4/2020,Israel,2,,12,
3/4/2020,Italy,466,28,2502,80
3/4/2020,Japan,16,0,284,6
3/4/2020,Jordan,0,,1,
3/4/2020,Kuwait,0,,56,
3/4/2020,Latvia,0,,1,
3/4/2020,Lebanon,0,,13,
3/4/2020,Lithuania,0,,1,
3/4/2020,Luxembourg,0,,1,
3/4/2020,Malaysia,21,,50,
3/4/2020,Mexico,0,,5,
3/4/2020,Monaco,0,,1,
3/4/2020,Morocco,0,,1,
3/4/2020,Nepal,0,,1,
3/4/2020,Netherlands,10,,28,
3/4/2020,New Zealand,0,,2,
3/4/2020,Nigeria,0,,1,
3/4/2020,Macedonia,0,,1,
3/4/2020,Norway,7,,32,
3/4/2020,Oman,6,,12,
3/4/2020,Pakistan,0,,5,
3/4/2020,Philippines,0,0,3,1
3/4/2020,Poland,,,1,
3/4/2020,Portugal,0,,2,
3/4/2020,Qatar,1,,8,
3/4/2020,South Korea,516,4,5328,32
3/4/2020,Romania,1,,4,
3/4/2020,Russia,0,,3,
3/4/2020,San Marino,0,,8,
3/4/2020,Saudi Arabia,0,,1,
3/4/2020,Senegal,0,,1,
3/4/2020,Singapore,2,,110,
3/4/2020,Spain,37,,151,
3/4/2020,Sri Lanka,0,,1,
3/4/2020,Sweden,9,,24,
3/4/2020,Switzerland,7,,37,
3/4/2020,Thailand,0,0,43,1
3/4/2020,United Kingdom,12,,51,
3/4/2020,Tunisia,0,,1,
3/4/2020,Ukraine,,,1,
3/4/2020,United Arab Emirates,6,,27,
3/4/2020,United States,44,4,108,6
3/4/2020,Vietnam,0,,16,
3/4/2020,World,2217,86,93090,3198
3/5/2020,Afghanistan,0,,1,
3/5/2020,Algeria,7,,12,
3/5/2020,Andorra,0,,1,
3/5/2020,Argentina,0,,1,
3/5/2020,Armenia,0,,1,
3/5/2020,Australia,14,0,57,1
3/5/2020,Austria,13,,37,
3/5/2020,Azerbaijan,0,,3,
3/5/2020,Bahrain,0,,49,
3/5/2020,Belarus,5,,6,
3/5/2020,Belgium,15,,23,
3/5/2020,Bosnia and Herzegovina,,,2,
3/5/2020,Brazil,1,,3,
3/5/2020,Cambodia,0,,1,
3/5/2020,Canada,0,,30,
3/5/2020,Chile,0,,1,
3/5/2020,China,143,31,80565,3015
3/5/2020,Croatia,0,,9,
3/5/2020,Czech Republic,0,,5,
3/5/2020,Denmark,2,,10,
3/5/2020,Dominican Republic,0,,1,
3/5/2020,Ecuador,0,,7,
3/5/2020,Egypt,0,,2,
3/5/2020,Estonia,0,,2,
3/5/2020,Finland,0,,7,
3/5/2020,France,70,0,282,4
3/5/2020,Georgia,0,,3,
3/5/2020,Germany,66,,262,
3/5/2020,Gibraltar,,,1,
3/5/2020,Greece,2,,9,
3/5/2020,Hungary,,,2,
3/5/2020,Iceland,10,,26,
3/5/2020,India,23,,29,
3/5/2020,Indonesia,0,,2,
3/5/2020,International,0,0,706,6
3/5/2020,Iran,586,15,2922,92
3/5/2020,Iraq,5,,36,2
3/5/2020,Ireland,0,,2,
3/5/2020,Israel,3,,15,
3/5/2020,Italy,587,27,3089,107
3/5/2020,Japan,33,0,317,6
3/5/2020,Jordan,0,,1,
3/5/2020,Kuwait,2,,58,
3/5/2020,Latvia,0,,1,
3/5/2020,Lebanon,0,,13,
3/5/2020,Liechtenstein,,,1,
3/5/2020,Lithuania,0,,1,
3/5/2020,Luxembourg,0,,1,
3/5/2020,Malaysia,0,,50,
3/5/2020,Mexico,0,,5,
3/5/2020,Monaco,0,,1,
3/5/2020,Morocco,1,,2,
3/5/2020,Nepal,0,,1,
3/5/2020,Netherlands,10,,38,
3/5/2020,New Zealand,0,,2,
3/5/2020,Nigeria,0,,1,
3/5/2020,Macedonia,0,,1,
3/5/2020,Norway,24,,56,
3/5/2020,Palestine,,,4,
3/5/2020,Oman,3,,15,
3/5/2020,Pakistan,0,,5,
3/5/2020,Philippines,0,0,3,1
3/5/2020,Poland,0,,1,
3/5/2020,Portugal,5,,7,
3/5/2020,Qatar,0,,8,
3/5/2020,South Korea,438,3,5766,35
3/5/2020,Romania,0,,4,
3/5/2020,Russia,0,,3,
3/5/2020,Saint Barthlemy,,,1,
3/5/2020,Saint Martin (French part),,,2,
3/5/2020,San Marino,8,,16,
3/5/2020,Saudi Arabia,1,,2,
3/5/2020,Senegal,3,,4,
3/5/2020,Singapore,0,,110,
3/5/2020,Slovenia,,,1,
3/5/2020,Spain,47,,198,1
3/5/2020,Sri Lanka,0,,1,
3/5/2020,Sweden,11,,35,
3/5/2020,Switzerland,19,,56,
3/5/2020,Thailand,4,0,47,1
3/5/2020,United Kingdom,38,,89,
3/5/2020,Tunisia,0,,1,
3/5/2020,Ukraine,0,,1,
3/5/2020,United Arab Emirates,0,,27,
3/5/2020,United States,21,3,129,9
3/5/2020,Vietnam,0,,16,
3/5/2020,World,2220,79,95324,3280
3/6/2020,Afghanistan,0,,1,
3/6/2020,Algeria,0,,12,
3/6/2020,Andorra,0,,1,
3/6/2020,Argentina,0,,1,
3/6/2020,Armenia,0,,1,
3/6/2020,Australia,0,1,57,2
3/6/2020,Austria,10,,47,
3/6/2020,Azerbaijan,0,,3,
3/6/2020,Bahrain,0,,49,
3/6/2020,Belarus,0,,6,
3/6/2020,Belgium,27,,50,
3/6/2020,Bhutan,,,1,
3/6/2020,Bosnia and Herzegovina,0,,2,
3/6/2020,Brazil,4,,7,
3/6/2020,Cambodia,0,,1,
3/6/2020,Cameroon,,,1,
3/6/2020,Canada,15,,45,
3/6/2020,Chile,0,,1,
3/6/2020,China,146,30,80711,3045
3/6/2020,Croatia,1,,10,
3/6/2020,Czech Republic,7,,12,
3/6/2020,Denmark,8,,18,
3/6/2020,Dominican Republic,0,,1,
3/6/2020,Ecuador,6,,13,
3/6/2020,Egypt,1,,3,
3/6/2020,Estonia,1,,3,
3/6/2020,Finland,5,,12,
3/6/2020,France,138,2,420,6
3/6/2020,Georgia,6,,9,
3/6/2020,Germany,272,,534,
3/6/2020,Gibraltar,0,,1,
3/6/2020,Greece,23,,32,
3/6/2020,Hungary,0,,2,
3/6/2020,Iceland,0,,26,
3/6/2020,India,1,,30,
3/6/2020,Indonesia,0,,2,
3/6/2020,International,-10,0,696,6
3/6/2020,Iran,591,15,3513,107
3/6/2020,Iraq,0,0,36,2
3/6/2020,Ireland,12,,14,
3/6/2020,Israel,0,,15,
3/6/2020,Italy,769,41,3858,148
3/6/2020,Japan,32,0,349,6
3/6/2020,Jordan,0,,1,
3/6/2020,Kuwait,0,,58,
3/6/2020,Latvia,0,,1,
3/6/2020,Lebanon,3,,16,
3/6/2020,Liechtenstein,0,,1,
3/6/2020,Lithuania,0,,1,
3/6/2020,Luxembourg,0,,1,
3/6/2020,Malaysia,5,,55,
3/6/2020,Mexico,0,,5,
3/6/2020,Monaco,0,,1,
3/6/2020,Morocco,0,,2,
3/6/2020,Nepal,0,,1,
3/6/2020,Netherlands,44,,82,
3/6/2020,New Zealand,2,,4,
3/6/2020,Nigeria,0,,1,
3/6/2020,Macedonia,0,,1,
3/6/2020,Norway,30,,86,
3/6/2020,Palestine,3,,7,
3/6/2020,Oman,1,,16,
3/6/2020,Pakistan,0,,5,
3/6/2020,Philippines,2,0,5,1
3/6/2020,Poland,0,,1,
3/6/2020,Portugal,2,,9,
3/6/2020,Qatar,0,,8,
3/6/2020,South Korea,518,7,6284,42
3/6/2020,Romania,2,,6,
3/6/2020,Russia,1,,4,
3/6/2020,Saint Barthlemy,0,,1,
3/6/2020,Saint Martin (French part),0,,2,
3/6/2020,San Marino,5,,21,
3/6/2020,Saudi Arabia,6,,8,
3/6/2020,Senegal,0,,4,
3/6/2020,Serbia,,,1,
3/6/2020,Singapore,7,,117,
3/6/2020,Slovenia,5,,6,
3/6/2020,South Africa,,,1,
3/6/2020,Spain,59,2,257,3
3/6/2020,Sri Lanka,0,,1,
3/6/2020,Sweden,26,,61,
3/6/2020,Switzerland,30,,86,1
3/6/2020,Thailand,0,0,47,1
3/6/2020,United Kingdom,29,,118,
3/6/2020,Tunisia,0,,1,
3/6/2020,Ukraine,0,,1,
3/6/2020,United Arab Emirates,0,,27,
3/6/2020,United States,19,1,148,10
3/6/2020,Vietnam,0,,16,
3/6/2020,World,2864,99,98192,3380
3/7/2020,Afghanistan,0,,1,
3/7/2020,Algeria,5,,17,
3/7/2020,Andorra,0,,1,
3/7/2020,Argentina,1,,2,
3/7/2020,Armenia,0,,1,
3/7/2020,Australia,5,0,62,2
3/7/2020,Austria,19,,66,
3/7/2020,Azerbaijan,6,,9,
3/7/2020,Bahrain,0,,49,
3/7/2020,Belarus,0,,6,
3/7/2020,Belgium,59,,109,
3/7/2020,Bhutan,0,,1,
3/7/2020,Bosnia and Herzegovina,0,,2,
3/7/2020,Brazil,6,,13,
3/7/2020,Cambodia,0,,1,
3/7/2020,Cameroon,1,,2,
3/7/2020,Canada,6,,51,
3/7/2020,Chile,4,,5,
3/7/2020,China,102,28,80813,3073
3/7/2020,Colombia,,,1,
3/7/2020,Croatia,1,,11,
3/7/2020,Czech Republic,0,,12,
3/7/2020,Denmark,5,,23,
3/7/2020,Dominican Republic,0,,1,
3/7/2020,Ecuador,1,,14,
3/7/2020,Egypt,0,,3,
3/7/2020,Estonia,7,,10,
3/7/2020,Finland,7,,19,
3/7/2020,France,193,3,613,9
3/7/2020,Georgia,0,,9,
3/7/2020,Germany,105,,639,
3/7/2020,Gibraltar,0,,1,
3/7/2020,Greece,0,,32,
3/7/2020,Vatican,,,1,
3/7/2020,Hungary,3,,5,
3/7/2020,Iceland,19,,45,
3/7/2020,India,1,,31,
3/7/2020,Indonesia,0,,2,
3/7/2020,International,0,0,696,6
3/7/2020,Iran,1234,17,4747,124
3/7/2020,Iraq,8,2,44,4
3/7/2020,Ireland,4,,18,
3/7/2020,Israel,4,,19,
3/7/2020,Italy,778,49,4636,197
3/7/2020,Japan,59,0,408,6
3/7/2020,Jordan,0,,1,
3/7/2020,Kuwait,0,,58,
3/7/2020,Latvia,0,,1,
3/7/2020,Lebanon,6,,22,
3/7/2020,Liechtenstein,0,,1,
3/7/2020,Lithuania,0,,1,
3/7/2020,Luxembourg,1,,2,
3/7/2020,Malaysia,28,,83,
3/7/2020,Mexico,0,,5,
3/7/2020,Monaco,0,,1,
3/7/2020,Morocco,0,,2,
3/7/2020,Nepal,0,,1,
3/7/2020,Netherlands,46,,128,1
3/7/2020,New Zealand,1,,5,
3/7/2020,Nigeria,0,,1,
3/7/2020,Macedonia,2,,3,
3/7/2020,Norway,27,,113,
3/7/2020,Palestine,9,,16,
3/7/2020,Oman,0,,16,
3/7/2020,Pakistan,0,,5,
3/7/2020,Peru,,,1,
3/7/2020,Philippines,0,0,5,1
3/7/2020,Poland,4,,5,
3/7/2020,Portugal,4,,13,
3/7/2020,Qatar,3,,11,
3/7/2020,South Korea,483,2,6767,44
3/7/2020,Romania,1,,7,
3/7/2020,Russia,3,,7,
3/7/2020,Saint Barthlemy,0,,1,
3/7/2020,Saint Martin (French part),0,,2,
3/7/2020,San Marino,3,,24,
3/7/2020,Saudi Arabia,0,,8,
3/7/2020,Senegal,0,,4,
3/7/2020,Serbia,0,,1,
3/7/2020,Singapore,13,,130,
3/7/2020,Slovakia,,,1,
3/7/2020,Slovenia,3,,9,
3/7/2020,South Africa,0,,1,
3/7/2020,Spain,117,2,374,5
3/7/2020,Sri Lanka,0,,1,
3/7/2020,Sweden,76,,137,
3/7/2020,Switzerland,123,0,209,1
3/7/2020,Thailand,1,0,48,1
3/7/2020,United Kingdom,49,,167,1
3/7/2020,Togo,,,1,
3/7/2020,Tunisia,0,,1,
3/7/2020,Ukraine,0,,1,
3/7/2020,United Arab Emirates,18,,45,
3/7/2020,United States,65,1,213,11
3/7/2020,Vietnam,1,,17,
3/7/2020,World,3730,104,101927,3486
3/8/2020,Afghanistan,3,,4,
3/8/2020,Algeria,0,,17,
3/8/2020,Andorra,0,,1,
3/8/2020,Argentina,7,,9,1
3/8/2020,Armenia,0,,1,
3/8/2020,Australia,12,1,74,3
3/8/2020,Austria,38,,104,
3/8/2020,Azerbaijan,0,,9,
3/8/2020,Bahrain,7,,56,
3/8/2020,Belarus,0,,6,
3/8/2020,Belgium,60,,169,
3/8/2020,Bhutan,0,,1,
3/8/2020,Bosnia and Herzegovina,0,,2,
3/8/2020,Brazil,6,,19,
3/8/2020,Bulgaria,,,2,
3/8/2020,Cambodia,1,,2,
3/8/2020,Cameroon,0,,2,
3/8/2020,Canada,6,,57,
3/8/2020,Chile,0,,5,
3/8/2020,China,46,27,80859,3100
3/8/2020,Colombia,0,,1,
3/8/2020,Costa Rica,,,5,
3/8/2020,Croatia,0,,11,
3/8/2020,Czech Republic,14,,26,
3/8/2020,Denmark,8,,31,
3/8/2020,Dominican Republic,0,,1,
3/8/2020,Ecuador,0,,14,
3/8/2020,Egypt,45,,48,
3/8/2020,Estonia,0,,10,
3/8/2020,Faeroe Islands,,,1,
3/8/2020,Finland,0,,19,
3/8/2020,France,93,1,706,10
3/8/2020,French Guiana,,,5,
3/8/2020,Georgia,3,,12,
3/8/2020,Germany,156,,795,
3/8/2020,Gibraltar,0,,1,
3/8/2020,Greece,34,,66,
3/8/2020,Vatican,0,,1,
3/8/2020,Hungary,2,,7,
3/8/2020,Iceland,0,,45,
3/8/2020,India,3,,34,
3/8/2020,Indonesia,4,,6,
3/8/2020,International,0,1,696,7
3/8/2020,Iran,1076,21,5823,145
3/8/2020,Iraq,10,0,54,4
3/8/2020,Ireland,1,,19,
3/8/2020,Israel,6,,25,
3/8/2020,Italy,1247,37,5883,234
3/8/2020,Japan,47,0,455,6
3/8/2020,Jordan,0,,1,
3/8/2020,Kuwait,4,,62,
3/8/2020,Latvia,0,,1,
3/8/2020,Lebanon,6,,28,
3/8/2020,Liechtenstein,0,,1,
3/8/2020,Lithuania,0,,1,
3/8/2020,Luxembourg,0,,2,
3/8/2020,Malaysia,10,,93,
3/8/2020,Maldives,,,2,
3/8/2020,Malta,,,3,
3/8/2020,Martinique,,,2,
3/8/2020,Mexico,2,,7,
3/8/2020,Monaco,0,,1,
3/8/2020,Morocco,0,,2,
3/8/2020,Nepal,0,,1,
3/8/2020,Netherlands,60,0,188,1
3/8/2020,New Zealand,0,,5,
3/8/2020,Nigeria,0,,1,
3/8/2020,Macedonia,0,,3,
3/8/2020,Norway,34,,147,
3/8/2020,Palestine,0,,16,
3/8/2020,Oman,0,,16,
3/8/2020,Pakistan,0,,5,
3/8/2020,Peru,5,,6,
3/8/2020,Philippines,1,0,6,1
3/8/2020,Poland,1,,6,
3/8/2020,Portugal,8,,21,
3/8/2020,Qatar,1,,12,
3/8/2020,South Korea,367,6,7134,50
3/8/2020,Moldova,,,1,
3/8/2020,Romania,6,,13,
3/8/2020,Russia,0,,7,
3/8/2020,Saint Barthlemy,0,,1,
3/8/2020,Saint Martin (French part),0,,2,
3/8/2020,San Marino,3,,27,1
3/8/2020,Saudi Arabia,3,,11,
3/8/2020,Senegal,0,,4,
3/8/2020,Serbia,0,,1,
3/8/2020,Singapore,8,,138,
3/8/2020,Slovakia,2,,3,
3/8/2020,Slovenia,3,,12,
3/8/2020,South Africa,1,,2,
3/8/2020,Spain,56,0,430,5
3/8/2020,Sri Lanka,0,,1,
3/8/2020,Sweden,24,,161,
3/8/2020,Switzerland,55,1,264,2
3/8/2020,Thailand,2,0,50,1
3/8/2020,United Kingdom,43,1,210,2
3/8/2020,Togo,0,,1,
3/8/2020,Tunisia,0,,1,
3/8/2020,Ukraine,0,,1,
3/8/2020,United Arab Emirates,0,,45,
3/8/2020,United States,0,0,213,11
3/8/2020,Vietnam,4,,21,
3/8/2020,World,3644,96,105592,3584
3/9/2020,Afghanistan,0,,4,
3/9/2020,Albania,,,2,
3/9/2020,Algeria,3,,20,
3/9/2020,Andorra,0,,1,
3/9/2020,Argentina,3,0,12,1
3/9/2020,Armenia,0,,1,
3/9/2020,Australia,3,0,77,3
3/9/2020,Austria,8,,112,
3/9/2020,Azerbaijan,0,,9,
3/9/2020,Bahrain,23,,79,
3/9/2020,Bangladesh,,,3,
3/9/2020,Belarus,0,,6,
3/9/2020,Belgium,31,,200,
3/9/2020,Bhutan,0,,1,
3/9/2020,Bosnia and Herzegovina,0,,2,
3/9/2020,Brazil,6,,25,
3/9/2020,Bulgaria,2,,4,
3/9/2020,Cambodia,0,,2,
3/9/2020,Cameroon,0,,2,
3/9/2020,Canada,5,,62,
3/9/2020,Chile,5,,10,
3/9/2020,China,45,23,80904,3123
3/9/2020,Colombia,0,,1,
3/9/2020,Costa Rica,4,,9,
3/9/2020,Croatia,0,,11,
3/9/2020,Czech Republic,6,,32,
3/9/2020,Denmark,5,,36,
3/9/2020,Dominican Republic,0,,1,
3/9/2020,Ecuador,1,,15,
3/9/2020,Egypt,7,,55,1
3/9/2020,Estonia,0,,10,
3/9/2020,Faeroe Islands,1,,2,
3/9/2020,Finland,11,,30,
3/9/2020,France,410,9,1116,19
3/9/2020,French Guiana,0,,5,
3/9/2020,Georgia,1,,13,
3/9/2020,Germany,317,,1112,
3/9/2020,Gibraltar,0,,1,
3/9/2020,Greece,7,,73,
3/9/2020,Vatican,0,,1,
3/9/2020,Hungary,2,,9,
3/9/2020,Iceland,10,,55,
3/9/2020,India,9,,43,
3/9/2020,Indonesia,0,,6,
3/9/2020,International,0,0,696,7
3/9/2020,Iran,743,49,6566,194
3/9/2020,Iraq,6,2,60,6
3/9/2020,Ireland,2,,21,
3/9/2020,Israel,14,,39,
3/9/2020,Italy,1492,132,7375,366
3/9/2020,Japan,33,1,488,7
3/9/2020,Jordan,0,,1,
3/9/2020,Kuwait,2,,64,
3/9/2020,Latvia,2,,3,
3/9/2020,Lebanon,4,,32,
3/9/2020,Liechtenstein,0,,1,
3/9/2020,Lithuania,0,,1,
3/9/2020,Luxembourg,0,,2,
3/9/2020,Malaysia,0,,93,
3/9/2020,Maldives,2,,4,
3/9/2020,Malta,0,,3,
3/9/2020,Martinique,0,,2,
3/9/2020,Mexico,0,,7,
3/9/2020,Monaco,0,,1,
3/9/2020,Morocco,0,,2,
3/9/2020,Nepal,0,,1,
3/9/2020,Netherlands,77,2,265,3
3/9/2020,New Zealand,0,,5,
3/9/2020,Nigeria,1,,2,
3/9/2020,Macedonia,0,,3,
3/9/2020,Norway,22,,169,
3/9/2020,Palestine,3,,19,
3/9/2020,Oman,0,,16,
3/9/2020,Pakistan,1,,6,
3/9/2020,Paraguay,,,1,
3/9/2020,Peru,0,,6,
3/9/2020,Philippines,4,0,10,1
3/9/2020,Poland,5,,11,
3/9/2020,Portugal,9,,30,
3/9/2020,Qatar,3,,15,
3/9/2020,South Korea,248,1,7382,51
3/9/2020,Moldova,0,,1,
3/9/2020,Romania,2,,15,
3/9/2020,Russia,0,,7,
3/9/2020,Saint Barthlemy,0,,1,
3/9/2020,Saint Martin (French part),0,,2,
3/9/2020,San Marino,10,0,37,1
3/9/2020,Saudi Arabia,4,,15,
3/9/2020,Senegal,0,,4,
3/9/2020,Serbia,0,,1,
3/9/2020,Singapore,12,,150,
3/9/2020,Slovakia,2,,5,
3/9/2020,Slovenia,4,,16,
3/9/2020,South Africa,1,,3,
3/9/2020,Spain,159,5,589,10
3/9/2020,Sri Lanka,0,,1,
3/9/2020,Sweden,42,,203,
3/9/2020,Switzerland,68,0,332,2
3/9/2020,Thailand,0,0,50,1
3/9/2020,United Kingdom,67,0,277,2
3/9/2020,Togo,0,,1,
3/9/2020,Tunisia,1,,2,
3/9/2020,Ukraine,0,,1,
3/9/2020,United Arab Emirates,0,,45,
3/9/2020,United States,0,0,213,11
3/9/2020,Vietnam,9,,30,
3/9/2020,World,3979,224,109577,3809
3/10/2020,Afghanistan,0,,4,
3/10/2020,Albania,0,,2,
3/10/2020,Algeria,0,,20,
3/10/2020,Andorra,0,,1,
3/10/2020,Argentina,0,0,12,1
3/10/2020,Armenia,0,,1,
3/10/2020,Australia,15,0,92,3
3/10/2020,Austria,19,,131,
3/10/2020,Azerbaijan,0,,9,
3/10/2020,Bahrain,30,,109,
3/10/2020,Bangladesh,0,,3,
3/10/2020,Belarus,0,,6,
3/10/2020,Belgium,39,,239,
3/10/2020,Bhutan,0,,1,
3/10/2020,Bosnia and Herzegovina,0,,2,
3/10/2020,Brazil,0,,25,
3/10/2020,Brunei,,,1,
3/10/2020,Bulgaria,0,,4,
3/10/2020,Cambodia,0,,2,
3/10/2020,Cameroon,0,,2,
3/10/2020,Canada,15,,77,
3/10/2020,Chile,3,,13,
3/10/2020,China,20,17,80924,3140
3/10/2020,Colombia,2,,3,
3/10/2020,Costa Rica,0,,9,
3/10/2020,Croatia,1,,12,
3/10/2020,Cyprus,,,2,
3/10/2020,Czech Republic,6,,38,
3/10/2020,Denmark,54,,90,
3/10/2020,Dominican Republic,4,,5,
3/10/2020,Ecuador,0,,15,
3/10/2020,Egypt,4,0,59,1
3/10/2020,Estonia,0,,10,
3/10/2020,Faeroe Islands,0,,2,
3/10/2020,Finland,10,,40,
3/10/2020,France,286,11,1402,30
3/10/2020,French Guiana,0,,5,
3/10/2020,Georgia,2,,15,
3/10/2020,Germany,27,,1139,2
3/10/2020,Gibraltar,0,,1,
3/10/2020,Greece,0,,73,
3/10/2020,Guernsey,,,1,
3/10/2020,Vatican,0,,1,
3/10/2020,Hungary,0,,9,
3/10/2020,Iceland,0,,55,
3/10/2020,India,1,,44,
3/10/2020,Indonesia,13,,19,
3/10/2020,International,0,0,696,7
3/10/2020,Iran,595,43,7161,237
3/10/2020,Iraq,1,0,61,6
3/10/2020,Ireland,3,,24,
3/10/2020,Israel,0,,39,
3/10/2020,Italy,1797,97,9172,463
3/10/2020,Japan,26,2,514,9
3/10/2020,Jordan,0,,1,
3/10/2020,Kuwait,1,,65,
3/10/2020,Latvia,3,,6,
3/10/2020,Lebanon,9,,41,
3/10/2020,Liechtenstein,0,,1,
3/10/2020,Lithuania,0,,1,
3/10/2020,Luxembourg,3,,5,
3/10/2020,Malaysia,24,,117,
3/10/2020,Maldives,0,,4,
3/10/2020,Malta,1,,4,
3/10/2020,Martinique,0,,2,
3/10/2020,Mexico,0,,7,
3/10/2020,Monaco,0,,1,
3/10/2020,Mongolia,,,1,
3/10/2020,Morocco,0,,2,
3/10/2020,Nepal,0,,1,
3/10/2020,Netherlands,56,0,321,3
3/10/2020,New Zealand,0,,5,
3/10/2020,Nigeria,0,,2,
3/10/2020,Macedonia,4,,7,
3/10/2020,Norway,23,,192,
3/10/2020,Palestine,7,,26,
3/10/2020,Oman,2,,18,
3/10/2020,Pakistan,10,,16,
3/10/2020,Panama,,,1,
3/10/2020,Paraguay,0,,1,
3/10/2020,Peru,3,,9,
3/10/2020,Philippines,23,0,33,1
3/10/2020,Poland,5,,16,
3/10/2020,Portugal,0,,30,
3/10/2020,Qatar,3,,18,
3/10/2020,South Korea,131,3,7513,54
3/10/2020,Moldova,0,,1,
3/10/2020,Romania,0,,15,
3/10/2020,Russia,0,,7,
3/10/2020,Saint Barthlemy,0,,1,
3/10/2020,Saint Martin (French part),0,,2,
3/10/2020,San Marino,12,1,49,2
3/10/2020,Saudi Arabia,0,,15,
3/10/2020,Senegal,0,,4,
3/10/2020,Serbia,0,,1,
3/10/2020,Singapore,10,,160,
3/10/2020,Slovakia,2,,7,
3/10/2020,Slovenia,7,,23,
3/10/2020,South Africa,4,,7,
3/10/2020,Spain,435,18,1024,28
3/10/2020,Sri Lanka,0,,1,
3/10/2020,Sweden,45,,248,
3/10/2020,Switzerland,0,0,332,2
3/10/2020,Thailand,3,0,53,1
3/10/2020,United Kingdom,46,1,323,3
3/10/2020,Togo,0,,1,
3/10/2020,Tunisia,0,,2,
3/10/2020,Ukraine,0,,1,
3/10/2020,United Arab Emirates,14,,59,
3/10/2020,United States,259,8,472,19
3/10/2020,Vietnam,1,,31,
3/10/2020,World,4119,201,113702,4012
3/11/2020,Afghanistan,0,,4,
3/11/2020,Albania,8,,10,
3/11/2020,Algeria,0,,20,
3/11/2020,Andorra,0,,1,
3/11/2020,Argentina,5,0,17,1
3/11/2020,Armenia,0,,1,
3/11/2020,Australia,20,0,112,3
3/11/2020,Austria,51,,182,
3/11/2020,Azerbaijan,0,,9,
3/11/2020,Bahrain,1,,110,
3/11/2020,Bangladesh,0,,3,
3/11/2020,Belarus,3,,9,
3/11/2020,Belgium,28,,267,
3/11/2020,Bhutan,0,,1,
3/11/2020,Bolivia,,,2,
3/11/2020,Bosnia and Herzegovina,2,,4,
3/11/2020,Brazil,9,,34,
3/11/2020,Brunei,0,,1,
3/11/2020,Bulgaria,2,,6,
3/11/2020,Burkina Faso,,,2,
3/11/2020,Cambodia,1,,3,
3/11/2020,Cameroon,0,,2,
3/11/2020,Canada,16,,93,1
3/11/2020,Chile,4,,17,
3/11/2020,China,31,22,80955,3162
3/11/2020,Colombia,0,,3,
3/11/2020,Costa Rica,4,,13,
3/11/2020,Croatia,4,,16,
3/11/2020,Cyprus,0,,2,
3/11/2020,Czech Republic,23,,61,
3/11/2020,Democratic Republic of Congo,,,1,
3/11/2020,Denmark,172,,262,
3/11/2020,Dominican Republic,0,,5,
3/11/2020,Ecuador,0,,15,
3/11/2020,Egypt,0,0,59,1
3/11/2020,Estonia,3,,13,
3/11/2020,Faeroe Islands,0,,2,
3/11/2020,Finland,0,,40,
3/11/2020,France,372,3,1774,33
3/11/2020,French Guiana,0,,5,
3/11/2020,Georgia,8,,23,
3/11/2020,Germany,157,0,1296,2
3/11/2020,Gibraltar,0,,1,
3/11/2020,Greece,16,,89,
3/11/2020,Guernsey,0,,1,
3/11/2020,Vatican,0,,1,
3/11/2020,Hungary,4,,13,
3/11/2020,Iceland,6,,61,
3/11/2020,India,16,,60,
3/11/2020,Indonesia,8,,27,1
3/11/2020,International,0,0,696,7
3/11/2020,Iran,881,54,8042,291
3/11/2020,Iraq,0,0,61,6
3/11/2020,Ireland,10,,34,
3/11/2020,Israel,36,,75,
3/11/2020,Italy,977,168,10149,631
3/11/2020,Jamaica,,,1,
3/11/2020,Japan,54,3,568,12
3/11/2020,Jordan,0,,1,
3/11/2020,Kuwait,4,,69,
3/11/2020,Latvia,2,,8,
3/11/2020,Lebanon,0,,41,1
3/11/2020,Liechtenstein,0,,1,
3/11/2020,Lithuania,0,,1,
3/11/2020,Luxembourg,0,,5,
3/11/2020,Malaysia,12,,129,
3/11/2020,Maldives,4,,8,
3/11/2020,Malta,0,,4,
3/11/2020,Martinique,1,,3,
3/11/2020,Mexico,0,,7,
3/11/2020,Monaco,0,,1,
3/11/2020,Mongolia,0,,1,
3/11/2020,Morocco,1,,3,1
3/11/2020,Nepal,0,,1,
3/11/2020,Netherlands,61,1,382,4
3/11/2020,New Zealand,0,,5,
3/11/2020,Nigeria,0,,2,
3/11/2020,Macedonia,0,,7,
3/11/2020,Norway,85,,277,
3/11/2020,Palestine,4,,30,
3/11/2020,Oman,0,,18,
3/11/2020,Pakistan,0,,16,
3/11/2020,Panama,7,,8,1
3/11/2020,Paraguay,4,,5,
3/11/2020,Peru,2,,11,
3/11/2020,Philippines,16,0,49,1
3/11/2020,Poland,6,,22,
3/11/2020,Portugal,11,,41,
3/11/2020,Qatar,6,,24,
3/11/2020,South Korea,242,6,7755,60
3/11/2020,Moldova,2,,3,
3/11/2020,Romania,10,,25,
3/11/2020,Russia,0,,7,
3/11/2020,Saint Barthlemy,0,,1,
3/11/2020,Saint Martin (French part),0,,2,
3/11/2020,San Marino,14,0,63,2
3/11/2020,Saudi Arabia,5,,20,
3/11/2020,Senegal,0,,4,
3/11/2020,Serbia,11,,12,
3/11/2020,Singapore,6,,166,
3/11/2020,Slovakia,0,,7,
3/11/2020,Slovenia,8,,31,
3/11/2020,South Africa,0,,7,
3/11/2020,Spain,615,8,1639,36
3/11/2020,Sri Lanka,0,,1,
3/11/2020,Sweden,78,,326,
3/11/2020,Switzerland,159,1,491,3
3/11/2020,Thailand,6,0,59,1
3/11/2020,United Kingdom,50,3,373,6
3/11/2020,Togo,0,,1,
3/11/2020,Tunisia,4,,6,
3/11/2020,Ukraine,0,,1,
3/11/2020,United Arab Emirates,15,,74,
3/11/2020,United States,224,6,696,25
3/11/2020,Vietnam,4,,35,
3/11/2020,World,4611,275,118319,4292
3/12/2020,Afghanistan,3,,7,
3/12/2020,Albania,0,,10,
3/12/2020,Algeria,5,,25,1
3/12/2020,Andorra,0,,1,
3/12/2020,Argentina,2,0,19,1
3/12/2020,Armenia,0,,1,
3/12/2020,Australia,10,0,122,3
3/12/2020,Austria,120,,302,
3/12/2020,Azerbaijan,0,,9,
3/12/2020,Bahrain,79,,189,
3/12/2020,Bangladesh,0,,3,
3/12/2020,Belarus,3,,12,
3/12/2020,Belgium,47,,314,
3/12/2020,Bhutan,0,,1,
3/12/2020,Bolivia,0,,2,
3/12/2020,Bosnia and Herzegovina,0,,4,
3/12/2020,Brazil,18,,52,
3/12/2020,Brunei,11,,12,
3/12/2020,Bulgaria,1,,7,1
3/12/2020,Burkina Faso,0,,2,
3/12/2020,Cambodia,0,,3,
3/12/2020,Cameroon,0,,2,
3/12/2020,Canada,0,0,93,1
3/12/2020,Chile,6,,23,
3/12/2020,China,26,11,80981,3173
3/12/2020,Colombia,6,,9,
3/12/2020,Costa Rica,0,,13,
3/12/2020,Croatia,0,,16,
3/12/2020,Cyprus,4,,6,
3/12/2020,Czech Republic,33,,94,
3/12/2020,Cote d'Ivoire,,,1,
3/12/2020,Democratic Republic of Congo,0,,1,
3/12/2020,Denmark,353,,615,
3/12/2020,Dominican Republic,0,,5,
3/12/2020,Ecuador,2,,17,
3/12/2020,Egypt,8,0,67,1
3/12/2020,Estonia,0,,13,
3/12/2020,Faeroe Islands,0,,2,
3/12/2020,Finland,0,,40,
3/12/2020,France,495,15,2269,48
3/12/2020,French Guiana,0,,5,
3/12/2020,French Polynesia,,,1,
3/12/2020,Georgia,0,,23,
3/12/2020,Germany,271,1,1567,3
3/12/2020,Gibraltar,0,,1,
3/12/2020,Greece,9,,98,1
3/12/2020,Guernsey,0,,1,
3/12/2020,Vatican,0,,1,
3/12/2020,Honduras,,,2,
3/12/2020,Hungary,0,,13,
3/12/2020,Iceland,0,,61,
3/12/2020,India,13,,73,
3/12/2020,Indonesia,7,0,34,1
3/12/2020,International,0,0,696,7
3/12/2020,Iran,958,63,9000,354
3/12/2020,Iraq,9,1,70,7
3/12/2020,Ireland,9,,43,1
3/12/2020,Israel,0,,75,
3/12/2020,Italy,2313,196,12462,827
3/12/2020,Jamaica,0,,1,
3/12/2020,Japan,52,3,620,15
3/12/2020,Jordan,0,,1,
3/12/2020,Kuwait,11,,80,
3/12/2020,Latvia,8,,16,
3/12/2020,Lebanon,25,2,66,3
3/12/2020,Liechtenstein,0,,1,
3/12/2020,Lithuania,2,,3,
3/12/2020,Luxembourg,12,,17,
3/12/2020,Malaysia,0,,129,
3/12/2020,Maldives,0,,8,
3/12/2020,Malta,2,,6,
3/12/2020,Martinique,0,,3,
3/12/2020,Mexico,4,,11,
3/12/2020,Monaco,0,,1,
3/12/2020,Mongolia,0,,1,
3/12/2020,Morocco,2,0,5,1
3/12/2020,Nepal,0,,1,
3/12/2020,Netherlands,121,1,503,5
3/12/2020,New Zealand,0,,5,
3/12/2020,Nigeria,0,,2,
3/12/2020,Macedonia,0,,7,
3/12/2020,Norway,212,,489,
3/12/2020,Palestine,0,,30,
3/12/2020,Oman,0,,18,
3/12/2020,Pakistan,3,,19,
3/12/2020,Panama,2,0,10,1
3/12/2020,Paraguay,0,,5,
3/12/2020,Peru,6,,17,
3/12/2020,Philippines,3,1,52,2
3/12/2020,Poland,22,,44,
3/12/2020,Portugal,0,,41,
3/12/2020,Qatar,238,,262,
3/12/2020,South Korea,114,6,7869,66
3/12/2020,Moldova,1,,4,
3/12/2020,Romania,23,,48,
3/12/2020,Russia,13,,20,
3/12/2020,Saint Barthlemy,0,,1,
3/12/2020,Saint Martin (French part),0,,2,
3/12/2020,San Marino,0,0,63,2
3/12/2020,Saudi Arabia,1,,21,
3/12/2020,Senegal,0,,4,
3/12/2020,Serbia,7,,19,
3/12/2020,Singapore,12,,178,
3/12/2020,Slovakia,3,,10,
3/12/2020,Slovenia,26,,57,
3/12/2020,South Africa,6,,13,
3/12/2020,Spain,501,12,2140,48
3/12/2020,Sri Lanka,1,,2,
3/12/2020,Sweden,135,,461,
3/12/2020,Switzerland,154,1,645,4
3/12/2020,Thailand,11,0,70,1
3/12/2020,United Kingdom,87,0,460,6
3/12/2020,Togo,0,,1,
3/12/2020,Tunisia,0,,6,
3/12/2020,Turkey,,,1,
3/12/2020,Ukraine,0,,1,
3/12/2020,United Arab Emirates,0,,74,
3/12/2020,United States,291,4,987,29
3/12/2020,Vietnam,4,,39,
3/12/2020,World,6936,317,125260,4613
3/13/2020,Afghanistan,0,,7,
3/13/2020,Albania,13,,23,
3/13/2020,Algeria,0,0,25,1
3/13/2020,Andorra,0,,1,
3/13/2020,Argentina,12,0,31,1
3/13/2020,Armenia,0,,1,
3/13/2020,Australia,18,0,140,3
3/13/2020,Austria,59,,361,1
3/13/2020,Azerbaijan,2,,11,
3/13/2020,Bahrain,6,,195,
3/13/2020,Bangladesh,0,,3,
3/13/2020,Belarus,0,,12,
3/13/2020,Belgium,0,,314,
3/13/2020,Bhutan,0,,1,
3/13/2020,Bolivia,1,,3,
3/13/2020,Bosnia and Herzegovina,0,,4,
3/13/2020,Brazil,25,,77,
3/13/2020,Brunei,0,,12,
3/13/2020,Bulgaria,0,0,7,1
3/13/2020,Burkina Faso,0,,2,
3/13/2020,Cambodia,2,,5,
3/13/2020,Cameroon,0,,2,
3/13/2020,Canada,45,0,138,1
3/13/2020,Chile,10,,33,
3/13/2020,China,10,7,80991,3180
3/13/2020,Colombia,0,,9,
3/13/2020,Costa Rica,9,,22,
3/13/2020,Croatia,0,,16,
3/13/2020,Cuba,,,3,
3/13/2020,Cyprus,0,,6,
3/13/2020,Czech Republic,22,,116,
3/13/2020,Cote d'Ivoire,0,,1,
3/13/2020,Democratic Republic of Congo,0,,1,
3/13/2020,Denmark,59,,674,
3/13/2020,Dominican Republic,0,,5,
3/13/2020,Ecuador,0,,17,
3/13/2020,Egypt,0,0,67,1
3/13/2020,Estonia,0,,13,
3/13/2020,Faeroe Islands,0,,2,
3/13/2020,Finland,69,,109,
3/13/2020,France,591,13,2860,61
3/13/2020,French Guiana,1,,6,
3/13/2020,French Polynesia,0,,1,
3/13/2020,Georgia,2,,25,
3/13/2020,Germany,802,3,2369,6
3/13/2020,Gibraltar,0,,1,
3/13/2020,Greece,0,0,98,1
3/13/2020,Guernsey,0,,1,
3/13/2020,Guyana,,,1,1
3/13/2020,Vatican,0,,1,
3/13/2020,Honduras,0,,2,
3/13/2020,Hungary,3,,16,
3/13/2020,Iceland,0,,61,
3/13/2020,India,1,,74,1
3/13/2020,Indonesia,0,0,34,1
3/13/2020,International,0,0,696,7
3/13/2020,Iran,1075,75,10075,429
3/13/2020,Iraq,0,0,70,7
3/13/2020,Ireland,27,0,70,1
3/13/2020,Israel,0,,75,
3/13/2020,Italy,2651,189,15113,1016
3/13/2020,Jamaica,0,,1,
3/13/2020,Japan,55,4,675,19
3/13/2020,Jersey,,,2,
3/13/2020,Jordan,0,,1,
3/13/2020,Kuwait,0,,80,
3/13/2020,Latvia,0,,16,
3/13/2020,Lebanon,0,0,66,3
3/13/2020,Liechtenstein,3,,4,
3/13/2020,Lithuania,0,,3,
3/13/2020,Luxembourg,0,,17,
3/13/2020,Malaysia,0,,129,
3/13/2020,Maldives,0,,8,
3/13/2020,Malta,3,,9,
3/13/2020,Martinique,1,,4,
3/13/2020,Mexico,1,,12,
3/13/2020,Monaco,0,,1,
3/13/2020,Mongolia,0,,1,
3/13/2020,Morocco,1,0,6,1
3/13/2020,Nepal,0,,1,
3/13/2020,Netherlands,111,0,614,5
3/13/2020,New Zealand,0,,5,
3/13/2020,Nigeria,0,,2,
3/13/2020,Macedonia,0,,7,
3/13/2020,Norway,0,,489,1
3/13/2020,Palestine,1,,31,
3/13/2020,Oman,0,,18,
3/13/2020,Pakistan,1,,20,
3/13/2020,Panama,4,0,14,1
3/13/2020,Paraguay,0,,5,
3/13/2020,Peru,5,,22,
3/13/2020,Philippines,0,0,52,2
3/13/2020,Poland,5,,49,1
3/13/2020,Portugal,0,,41,
3/13/2020,Qatar,0,,262,
3/13/2020,South Korea,110,0,7979,66
3/13/2020,Moldova,0,,4,
3/13/2020,Romania,0,,48,
3/13/2020,Russia,14,,34,
3/13/2020,Reunion,,,3,
3/13/2020,Saint Barthlemy,0,,1,
3/13/2020,Saint Martin (French part),0,,2,
3/13/2020,Saint Vincent and the Grenadines,,,1,
3/13/2020,San Marino,0,0,63,2
3/13/2020,Saudi Arabia,0,,21,
3/13/2020,Senegal,6,,10,
3/13/2020,Serbia,0,,19,
3/13/2020,Singapore,9,,187,
3/13/2020,Slovakia,11,,21,
3/13/2020,Slovenia,0,,57,
3/13/2020,South Africa,4,,17,
3/13/2020,Spain,825,36,2965,84
3/13/2020,Sri Lanka,1,,3,
3/13/2020,Sweden,159,,620,
3/13/2020,Switzerland,213,2,858,6
3/13/2020,Thailand,5,0,75,1
3/13/2020,United Kingdom,134,2,594,8
3/13/2020,Togo,0,,1,
3/13/2020,Tunisia,1,,7,
3/13/2020,Turkey,0,,1,
3/13/2020,Ukraine,2,,3,
3/13/2020,United Arab Emirates,11,,85,
3/13/2020,United States,277,7,1264,36
3/13/2020,Vietnam,0,,39,
3/13/2020,World,7488,338,132758,4956
3/14/2020,Afghanistan,0,,7,
3/14/2020,Albania,10,,33,1
3/14/2020,Algeria,1,1,26,2
3/14/2020,Andorra,1,,2,
3/14/2020,Antigua and Barbuda,,,1,
3/14/2020,Argentina,3,1,34,2
3/14/2020,Armenia,7,,8,
3/14/2020,Australia,57,0,197,3
3/14/2020,Austria,143,0,504,1
3/14/2020,Azerbaijan,0,,11,
3/14/2020,Bahrain,15,,210,
3/14/2020,Bangladesh,0,,3,
3/14/2020,Belarus,9,,21,
3/14/2020,Belgium,285,,599,
3/14/2020,Bhutan,0,,1,
3/14/2020,Bolivia,0,,3,
3/14/2020,Bosnia and Herzegovina,7,,11,
3/14/2020,Brazil,21,,98,
3/14/2020,Brunei,13,,25,
3/14/2020,Bulgaria,0,0,7,1
3/14/2020,Burkina Faso,0,,2,
3/14/2020,Cambodia,2,,7,
3/14/2020,Cameroon,0,,2,
3/14/2020,Canada,38,0,176,1
3/14/2020,Cayman Islands,,,1,
3/14/2020,Chile,10,,43,
3/14/2020,China,30,14,81021,3194
3/14/2020,Colombia,7,,16,
3/14/2020,Costa Rica,1,,23,
3/14/2020,Croatia,11,,27,
3/14/2020,Cuba,1,,4,
3/14/2020,Cyprus,8,,14,
3/14/2020,Czech Republic,34,,150,
3/14/2020,Cote d'Ivoire,0,,1,
3/14/2020,Democratic Republic of Congo,1,,2,
3/14/2020,Denmark,127,,801,
3/14/2020,Dominican Republic,0,,5,
3/14/2020,Ecuador,6,,23,
3/14/2020,Egypt,26,1,93,2
3/14/2020,Estonia,66,,79,
3/14/2020,Ethiopia,,,1,
3/14/2020,Faeroe Islands,1,,3,
3/14/2020,Finland,0,,109,
3/14/2020,France,780,18,3640,79
3/14/2020,French Guiana,0,,6,
3/14/2020,French Polynesia,0,,1,
3/14/2020,Gabon,,,1,
3/14/2020,Georgia,0,,25,
3/14/2020,Germany,693,0,3062,6
3/14/2020,Ghana,,,1,
3/14/2020,Gibraltar,0,,1,
3/14/2020,Greece,0,0,98,1
3/14/2020,Guadeloupe,,,1,
3/14/2020,Guernsey,0,,1,
3/14/2020,Guinea,,,1,
3/14/2020,Guyana,5,0,6,1
3/14/2020,Vatican,0,,1,
3/14/2020,Honduras,0,,2,
3/14/2020,Hungary,3,,19,
3/14/2020,Iceland,0,,61,
3/14/2020,India,8,1,82,2
3/14/2020,Indonesia,35,2,69,3
3/14/2020,International,1,0,697,7
3/14/2020,Iran,1289,85,11364,514
3/14/2020,Iraq,23,2,93,9
3/14/2020,Ireland,20,0,90,1
3/14/2020,Israel,25,,100,
3/14/2020,Italy,2547,252,17660,1268
3/14/2020,Jamaica,6,,7,
3/14/2020,Japan,41,2,716,21
3/14/2020,Jersey,0,,2,
3/14/2020,Jordan,0,,1,
3/14/2020,Kenya,,,1,
3/14/2020,Kuwait,20,,100,
3/14/2020,Latvia,0,,16,
3/14/2020,Lebanon,11,1,77,4
3/14/2020,Liechtenstein,0,,4,
3/14/2020,Lithuania,3,,6,
3/14/2020,Luxembourg,21,,38,1
3/14/2020,Malaysia,68,,197,
3/14/2020,Maldives,1,,9,
3/14/2020,Malta,3,,12,
3/14/2020,Martinique,2,,6,
3/14/2020,Mexico,14,,26,
3/14/2020,Monaco,1,,2,
3/14/2020,Mongolia,0,,1,
3/14/2020,Morocco,1,0,7,1
3/14/2020,Nepal,0,,1,
3/14/2020,Netherlands,190,5,804,10
3/14/2020,New Zealand,1,,6,
3/14/2020,Nigeria,0,,2,
3/14/2020,Macedonia,2,,9,
3/14/2020,Norway,261,0,750,1
3/14/2020,Palestine,4,,35,
3/14/2020,Oman,1,,19,
3/14/2020,Pakistan,1,,21,
3/14/2020,Panama,13,0,27,1
3/14/2020,Paraguay,1,,6,
3/14/2020,Peru,6,,28,
3/14/2020,Philippines,12,0,64,2
3/14/2020,Poland,15,0,64,1
3/14/2020,Portugal,71,,112,
3/14/2020,Puerto Rico,,,3,
3/14/2020,Qatar,0,,262,
3/14/2020,South Korea,107,6,8086,72
3/14/2020,Moldova,4,,8,
3/14/2020,Romania,16,,64,
3/14/2020,Russia,0,,34,
3/14/2020,Reunion,2,,5,
3/14/2020,Saint Barthlemy,0,,1,
3/14/2020,Saint Martin (French part),0,,2,
3/14/2020,Saint Vincent and the Grenadines,0,,1,
3/14/2020,San Marino,3,0,66,2
3/14/2020,Saudi Arabia,41,,62,
3/14/2020,Senegal,0,,10,
3/14/2020,Serbia,12,,31,
3/14/2020,Singapore,13,,200,
3/14/2020,Slovakia,9,,30,
3/14/2020,Slovenia,84,,141,
3/14/2020,South Africa,0,,17,
3/14/2020,Spain,1266,36,4231,120
3/14/2020,Sri Lanka,3,,6,
3/14/2020,Sudan,,,1,
3/14/2020,Sweden,155,,775,
3/14/2020,Switzerland,267,0,1125,6
3/14/2020,Thailand,0,0,75,1
3/14/2020,United Kingdom,208,2,802,10
3/14/2020,Togo,0,,1,
3/14/2020,Trinidad and Tobago,,,1,
3/14/2020,Tunisia,9,,16,
3/14/2020,Turkey,4,,5,
3/14/2020,Ukraine,0,,3,1
3/14/2020,United Arab Emirates,0,,85,
3/14/2020,United States,414,5,1678,41
3/14/2020,Venezuela,,,2,
3/14/2020,Vietnam,9,,48,
3/14/2020,World,9766,434,142539,5393
3/15/2020,Afghanistan,3,,10,
3/15/2020,Albania,5,0,38,1
3/15/2020,Algeria,11,1,37,3
3/15/2020,Andorra,0,,2,
3/15/2020,Antigua and Barbuda,0,,1,
3/15/2020,Argentina,11,0,45,2
3/15/2020,Armenia,0,,8,
3/15/2020,Australia,52,0,249,3
3/15/2020,Austria,296,0,800,1
3/15/2020,Azerbaijan,8,,19,
3/15/2020,Bahrain,1,,211,
3/15/2020,Bangladesh,0,,3,
3/15/2020,Belarus,0,,21,
3/15/2020,Belgium,90,,689,
3/15/2020,Bhutan,0,,1,
3/15/2020,Bolivia,0,,3,
3/15/2020,Bosnia and Herzegovina,7,,18,
3/15/2020,Brazil,23,,121,
3/15/2020,Brunei,15,,40,
3/15/2020,Bulgaria,36,1,43,2
3/15/2020,Burkina Faso,1,,3,
3/15/2020,Cambodia,0,,7,
3/15/2020,Cameroon,1,,3,
3/15/2020,Canada,68,0,244,1
3/15/2020,Cayman Islands,0,,1,
3/15/2020,Central African Republic,,,1,
3/15/2020,Chile,18,,61,
3/15/2020,China,27,10,81048,3204
3/15/2020,Colombia,8,,24,
3/15/2020,Congo,,,1,
3/15/2020,Costa Rica,0,,23,
3/15/2020,Croatia,10,,37,
3/15/2020,Cuba,0,,4,
3/15/2020,Curacao,,,2,
3/15/2020,Cyprus,7,,21,
3/15/2020,Czech Republic,64,,214,
3/15/2020,Cote d'Ivoire,2,,3,
3/15/2020,Democratic Republic of Congo,0,,2,
3/15/2020,Denmark,26,,827,
3/15/2020,Dominican Republic,0,,5,
3/15/2020,Ecuador,0,,23,
3/15/2020,Egypt,0,0,93,2
3/15/2020,Equatorial Guinea,,,1,
3/15/2020,Estonia,0,,79,
3/15/2020,Swaziland,,,1,
3/15/2020,Ethiopia,0,,1,
3/15/2020,Faeroe Islands,6,,9,
3/15/2020,Finland,101,,210,
3/15/2020,France,829,12,4469,91
3/15/2020,French Guiana,1,,7,
3/15/2020,French Polynesia,2,,3,
3/15/2020,Gabon,0,,1,
3/15/2020,Georgia,5,,30,
3/15/2020,Germany,733,2,3795,8
3/15/2020,Ghana,1,,2,
3/15/2020,Gibraltar,0,,1,
3/15/2020,Greece,130,1,228,2
3/15/2020,Guadeloupe,2,,3,
3/15/2020,Guernsey,0,,1,
3/15/2020,Guinea,0,,1,
3/15/2020,Guyana,1,0,7,1
3/15/2020,Vatican,0,,1,
3/15/2020,Honduras,0,,2,
3/15/2020,Hungary,13,,32,
3/15/2020,Iceland,77,,138,
3/15/2020,India,25,0,107,2
3/15/2020,Indonesia,48,1,117,4
3/15/2020,International,0,0,697,7
3/15/2020,Iran,1365,94,12729,608
3/15/2020,Iraq,0,0,93,9
3/15/2020,Ireland,39,1,129,2
3/15/2020,Israel,78,,178,
3/15/2020,Italy,3497,173,21157,1441
3/15/2020,Jamaica,1,,8,
3/15/2020,Japan,64,1,780,22
3/15/2020,Jersey,0,,2,
3/15/2020,Jordan,0,,1,
3/15/2020,Kazakhstan,,,6,
3/15/2020,Kenya,0,,1,
3/15/2020,Kuwait,12,,112,
3/15/2020,Latvia,14,,30,
3/15/2020,Lebanon,16,0,93,4
3/15/2020,Liechtenstein,0,,4,
3/15/2020,Lithuania,3,,9,
3/15/2020,Luxembourg,0,0,38,1
3/15/2020,Malaysia,41,,238,
3/15/2020,Maldives,1,,10,
3/15/2020,Malta,0,,12,
3/15/2020,Martinique,4,,10,
3/15/2020,Mauritania,,,1,
3/15/2020,Mayotte,,,1,
3/15/2020,Mexico,15,,41,
3/15/2020,Monaco,0,,2,
3/15/2020,Mongolia,0,,1,
3/15/2020,Morocco,11,0,18,1
3/15/2020,Namibia,,,2,
3/15/2020,Nepal,0,,1,
3/15/2020,Netherlands,155,2,959,12
3/15/2020,New Zealand,0,,6,
3/15/2020,Nigeria,0,,2,
3/15/2020,Macedonia,4,,13,
3/15/2020,Norway,157,0,907,1
3/15/2020,Palestine,3,,38,
3/15/2020,Oman,1,,20,
3/15/2020,Pakistan,7,,28,
3/15/2020,Panama,0,0,27,1
3/15/2020,Paraguay,0,,6,
3/15/2020,Peru,15,,43,
3/15/2020,Philippines,47,4,111,6
3/15/2020,Poland,47,2,111,3
3/15/2020,Portugal,0,,112,
3/15/2020,Puerto Rico,0,,3,
3/15/2020,Qatar,75,,337,
3/15/2020,South Korea,76,3,8162,75
3/15/2020,Moldova,4,,12,
3/15/2020,Romania,59,,123,
3/15/2020,Russia,0,,34,
3/15/2020,Reunion,1,,6,
3/15/2020,Saint Barthlemy,0,,1,
3/15/2020,Saint Martin (French part),0,,2,
3/15/2020,Saint Vincent and the Grenadines,0,,1,
3/15/2020,San Marino,26,3,92,5
3/15/2020,Saudi Arabia,41,,103,
3/15/2020,Senegal,11,,21,
3/15/2020,Serbia,10,,41,
3/15/2020,Singapore,12,,212,
3/15/2020,Slovakia,14,,44,
3/15/2020,Slovenia,0,,141,
3/15/2020,South Africa,21,,38,
3/15/2020,Spain,1522,16,5753,136
3/15/2020,Sri Lanka,5,,11,
3/15/2020,Sudan,0,,1,
3/15/2020,Sweden,149,,924,
3/15/2020,Switzerland,234,5,1359,11
3/15/2020,Thailand,0,0,75,1
3/15/2020,United Kingdom,342,11,1144,21
3/15/2020,Togo,0,,1,
3/15/2020,Trinidad and Tobago,0,,1,
3/15/2020,Tunisia,0,,16,
3/15/2020,Turkey,0,,5,
3/15/2020,Ukraine,0,0,3,1
3/15/2020,United Arab Emirates,0,,85,
3/15/2020,United States,0,0,1678,41
3/15/2020,Venezuela,0,,2,
3/15/2020,Vietnam,5,,53,
3/15/2020,World,10968,343,153523,5736
3/16/2020,Afghanistan,6,,16,
3/16/2020,Albania,4,0,42,1
3/16/2020,Algeria,12,0,49,3
3/16/2020,Andorra,0,,2,
3/16/2020,Antigua and Barbuda,0,,1,
3/16/2020,Argentina,11,0,56,2
3/16/2020,Armenia,18,,26,
3/16/2020,Australia,49,2,298,5
3/16/2020,Austria,159,0,959,1
3/16/2020,Azerbaijan,0,,19,
3/16/2020,Bahrain,10,,221,1
3/16/2020,Bangladesh,2,,5,
3/16/2020,Belarus,15,,36,
3/16/2020,Belgium,396,,1085,5
3/16/2020,Bhutan,0,,1,
3/16/2020,Bolivia,8,,11,
3/16/2020,Bosnia and Herzegovina,0,,18,
3/16/2020,Brazil,79,,200,
3/16/2020,Brunei,10,,50,
3/16/2020,Bulgaria,8,0,51,2
3/16/2020,Burkina Faso,0,,3,
3/16/2020,Cambodia,5,,12,
3/16/2020,Cameroon,0,,3,
3/16/2020,Canada,60,0,304,1
3/16/2020,Cayman Islands,0,,1,1
3/16/2020,Central African Republic,0,,1,
3/16/2020,Chile,14,,75,
3/16/2020,China,29,14,81077,3218
3/16/2020,Colombia,0,,24,
3/16/2020,Congo,0,,1,
3/16/2020,Costa Rica,0,,23,
3/16/2020,Croatia,12,,49,
3/16/2020,Cuba,0,,4,
3/16/2020,Curacao,0,,2,
3/16/2020,Cyprus,12,,33,
3/16/2020,Czech Republic,84,,298,
3/16/2020,Cote d'Ivoire,0,,3,
3/16/2020,Democratic Republic of Congo,0,,2,
3/16/2020,Denmark,71,,898,1
3/16/2020,Dominican Republic,0,,5,
3/16/2020,Ecuador,14,,37,2
3/16/2020,Egypt,33,0,126,2
3/16/2020,Equatorial Guinea,0,,1,
3/16/2020,Estonia,126,,205,
3/16/2020,Swaziland,0,,1,
3/16/2020,Ethiopia,0,,1,
3/16/2020,Faeroe Islands,2,,11,
3/16/2020,Finland,57,,267,
3/16/2020,France,911,36,5380,127
3/16/2020,French Guiana,0,,7,
3/16/2020,French Polynesia,0,,3,
3/16/2020,Gabon,0,,1,
3/16/2020,Georgia,3,,33,
3/16/2020,Germany,1043,4,4838,12
3/16/2020,Ghana,0,,2,
3/16/2020,Gibraltar,0,,1,
3/16/2020,Greece,103,2,331,4
3/16/2020,Guadeloupe,3,,6,
3/16/2020,Guatemala,,,1,1
3/16/2020,Guernsey,0,,1,
3/16/2020,Guinea,0,,1,
3/16/2020,Guyana,,0,,1
3/16/2020,Vatican,0,,1,
3/16/2020,Honduras,0,,2,
3/16/2020,Hungary,7,,39,1
3/16/2020,Iceland,0,,138,
3/16/2020,India,7,0,114,2
3/16/2020,Indonesia,0,0,117,4
3/16/2020,International,15,0,712,7
3/16/2020,Iran,2262,245,14991,853
3/16/2020,Iraq,31,0,124,9
3/16/2020,Ireland,40,0,169,2
3/16/2020,Israel,22,,200,
3/16/2020,Italy,3590,368,24747,1809
3/16/2020,Jamaica,2,,10,
3/16/2020,Japan,34,2,814,24
3/16/2020,Jersey,0,,2,
3/16/2020,Jordan,5,,6,
3/16/2020,Kazakhstan,0,,6,
3/16/2020,Kenya,0,,1,
3/16/2020,Kuwait,0,,112,
3/16/2020,Latvia,1,,31,
3/16/2020,Lebanon,6,,99,
3/16/2020,Liechtenstein,3,,7,
3/16/2020,Lithuania,5,,14,
3/16/2020,Luxembourg,0,0,38,1
3/16/2020,Malaysia,315,,553,
3/16/2020,Maldives,3,,13,
3/16/2020,Malta,9,,21,
3/16/2020,Martinique,5,,15,
3/16/2020,Mauritania,0,,1,
3/16/2020,Mayotte,0,,1,
3/16/2020,Mexico,12,,53,
3/16/2020,Monaco,7,,9,
3/16/2020,Mongolia,0,,1,
3/16/2020,Morocco,10,0,28,1
3/16/2020,Namibia,0,,2,
3/16/2020,Nepal,0,,1,
3/16/2020,Netherlands,176,8,1135,20
3/16/2020,New Zealand,0,,6,
3/16/2020,Nigeria,0,,2,
3/16/2020,Macedonia,0,,13,
3/16/2020,Norway,170,0,1077,1
3/16/2020,Palestine,0,,38,
3/16/2020,Oman,2,,22,
3/16/2020,Pakistan,24,,52,
3/16/2020,Panama,16,0,43,1
3/16/2020,Paraguay,2,,8,
3/16/2020,Peru,28,,71,
3/16/2020,Philippines,29,6,140,12
3/16/2020,Poland,39,0,150,3
3/16/2020,Portugal,133,,245,
3/16/2020,Puerto Rico,0,,3,
3/16/2020,Qatar,64,,401,
3/16/2020,South Korea,74,0,8236,75
3/16/2020,Moldova,11,,23,
3/16/2020,Romania,35,,158,
3/16/2020,Russia,29,,63,
3/16/2020,Rwanda,,,5,
3/16/2020,Reunion,3,,9,
3/16/2020,Saint Barthlemy,2,,3,
3/16/2020,Saint Lucia,,,1,
3/16/2020,Saint Martin (French part),0,,2,
3/16/2020,Saint Vincent and the Grenadines,0,,1,
3/16/2020,San Marino,0,0,92,5
3/16/2020,Saudi Arabia,0,,103,
3/16/2020,Senegal,5,,26,
3/16/2020,Serbia,0,,41,
3/16/2020,Seychelles,,,2,
3/16/2020,Singapore,31,,243,
3/16/2020,Slovakia,17,,61,
3/16/2020,Slovenia,78,,219,
3/16/2020,South Africa,13,,51,
3/16/2020,Spain,2000,152,7753,288
3/16/2020,Sri Lanka,8,,19,
3/16/2020,Sudan,0,,1,1
3/16/2020,Suriname,,,1,
3/16/2020,Sweden,68,,992,3
3/16/2020,Switzerland,841,2,2200,13
3/16/2020,Thailand,39,0,114,1
3/16/2020,United Kingdom,251,14,1395,35
3/16/2020,Togo,0,,1,
3/16/2020,Trinidad and Tobago,1,,2,
3/16/2020,Tunisia,2,,18,
3/16/2020,Turkey,0,,5,
3/16/2020,Ukraine,0,0,3,1
3/16/2020,United Arab Emirates,13,,98,
3/16/2020,United States,0,0,1678,41
3/16/2020,Uruguay,,,4,
3/16/2020,Uzbekistan,,,4,
3/16/2020,Venezuela,0,,2,
3/16/2020,Vietnam,4,,57,
3/16/2020,World,13968,855,167502,6603
