Country_1,Afghanistan,Albania,Algeria,American Samoa,Angola,Anguilla,Antigua and Barbuda,Argentina,Armenia,Aruba,Australia,Austria,Azerbaijan,Bahamas,Bahrain,Bangladesh,Barbados,Belarus,Belgium,Belize,Benin,Bermuda,Bhutan,Bolivia,Bosnia and Herzegovina,Botswana,Brazil,British Virgin Islands,Brunei,Bulgaria,Burkina Faso,Burma,Burundi,Cambodia,Cameroon,Canada,Cape Verde,Cayman Islands,Central African Republic,Chad,Chile,China,Christmas Island,Cocos (Keeling) Islands,Colombia,Comoros,Congo (Brazzaville),Congo (Kinshasa),Cook Islands,Costa Rica,Cote d'Ivoire,Croatia,Cuba,Cyprus,Czech Republic,Denmark,Djibouti,Dominica,Dominican Republic,East Timor,Ecuador,Egypt,El Salvador,Equatorial Guinea,Eritrea,Estonia,Ethiopia,Falkland Islands,Faroe Islands,Fiji,Finland,France,French Guiana,French Polynesia,Gabon,Gambia,Georgia,Germany,Ghana,Gibraltar,Greece,Greenland,Grenada,Guadeloupe,Guam,Guatemala,Guernsey,Guinea,Guinea-Bissau,Guyana,Haiti,Honduras,Hong Kong,Hungary,Iceland,India,Indonesia,Iran,Iraq,Ireland,Isle of Man,Israel,Italy,Jamaica,Japan,Jersey,Jordan,Kazakhstan,Kenya,Kiribati,Kuwait,Kyrgyzstan,Laos,Latvia,Lebanon,Lesotho,Liberia,Libya,Lithuania,Luxembourg,Macau,Macedonia,Madagascar,Malawi,Malaysia,Maldives,Mali,Malta,Marshall Islands,Martinique,Mauritania,Mauritius,Mayotte,Mexico,Micronesia,Moldova,Mongolia,Montenegro,Morocco,Mozambique,Namibia,Nauru,Nepal,Netherlands,Netherlands Antilles,New Caledonia,New Zealand,Nicaragua,Niger,Nigeria,Norfolk Island,North Korea,Northern Mariana Islands,Norway,Oman,Pakistan,Palau,Panama,Papua New Guinea,Paraguay,Peru,Philippines,Poland,Portugal,Puerto Rico,Qatar,Reunion,Romania,Russia,Rwanda,Saint Kitts and Nevis,Saint Lucia,Saint Pierre and Miquelon,Saint Vincent and the Grenadines,Samoa,Sao Tome and Principe,Saudi Arabia,Senegal,Serbia,Seychelles,Sierra Leone,Singapore,Slovakia,Slovenia,Solomon Islands,Somalia,South Africa,South Korea,South Sudan,Spain,Sri Lanka,Sudan,Suriname,Swaziland,Sweden,Switzerland,Taiwan,Tajikistan,Tanzania,Thailand,Togo,Tonga,Trinidad and Tobago,Tunisia,Turkey,Turkmenistan,Turks and Caicos Islands,Tuvalu,Uganda,Ukraine,United Arab Emirates,United Kingdom,United States,Uruguay,Uzbekistan,Vanuatu,Venezuela,Vietnam,Virgin Islands,Wallis and Futuna,Western Sahara,Yemen,Zambia,Zimbabwe
Afghanistan,,,,,,,,,,,,,1,,,,,,,,,,,,,,,,,,,,,,,,,,,,,,,,,,,,,,,,,,,,,,,,,,,,,,,,,,,,,,,,,,,,,,,,,,,,,,,,,,,7,,5,,,,,,,,,,,,,1,,,,,,,,,,,,,,,,,,,,,,,,,,,,,,,,,,,,,,,,,,,,,4,,,,,,,,,,,,,,,,,,,,,,,,,,,,,,,,,,,,,,,,,,1,,,,,,,3,,,,,,7,,,,,,,,,,,,,
Albania,,,,,,,,,,,,1,,,,,,,,,,,,,,,,,,,,,,,,,,,,,,,,,,,,,,,,,,,,,,,,,,,,,,,,,,,,,,,,,,2,,,2,,,,,,,,,,,,,,,,,,,,,,27,,,,,,,,,,,,,,,,,,,,,,,,,,,,,,,,,,,,,,,,,,,,,,,,,,,,,,,,,,,,,,,,,,,,,,,,,,,,,,,,,1,,,,,,,,,,,,,,,,,,,,,2,,,,,,,1,,,,,,,,,,,,
Algeria,,,,,,,,,,,,1,,,,,,,1,,,,,,,,,,,,1,,,,,1,,,,,,1,,,,,,,,,1,,,,,,,,,,,2,,,,,,,,,,68,,,,,,3,,,,,,,,,,,,,,,,,,,,,,,,,4,,,,2,,,,,,,,1,,,2,,,,,,,,,1,1,,,,,,,,,,,3,,,,,,,,,,1,,,,,,,,,,,,,,,2,,1,,,1,,,,,,,,2,1,,,,,,,,,,,,14,,,,,,1,,,,,,,,3,6,,,,,,2,3,,,,,,,,,,,,
American Samoa,,,,,,,,,,,,,,,,,,,,,,,,,,,,,,,,,,,,,,,,,,,,,,,,,,,,,,,,,,,,,,,,,,,,,,,,,,,,,,,,,,,,,,,,,,,,,,,,,,,,,,,,,,,,,,,,,,,,,,,,,,,,,,,,,,,,,,,,,,,,,,,,,,,,,,,,,,,,,,,,,,,,,,,,,,,,,,,,,,,,,,,,,,,,,,,,,,,,,,,,,,,,,,,,,,,,,1,,,,,,,,,,,
Angola,,,,,,,,,,,,,,,,,,,,,,,,,,,2,,,,,,,,,,,,,,,1,,,,,1,4,,,,,1,,,,,,,,,,,,,,2,,,,,1,,,,,,1,,,,,,,,,,,,,,,,,,,,,,,,,,,,,,,1,,,,,,,,,,,,,,,,,,,,,,,,,,,,,,1,1,3,,,1,,,,,,,,,,,,,,,,,,,,3,,,,,,,,,,,,1,,,,,,,,,,,3,,,1,,,,,,,,,,,,,,,,,,,,,2,2,,,,,,,,,,,,1
Anguilla,,,,,,,1,,,,,,,,,,,,,,,,,,,,,,,,,,,,,,,,,,,,,,,,,,,,,,,,,,,,,,,,,,,,,,,,,,,,,,,,,,,,,,,,,,,,,,,,,,,,,,,,,,,,,,,,,,,,,,,,,,,,,,,,,,,,,,,,,,,,,,,,,,2,,,,,,,,,,,,,,,,,,,,2,,,,,,,,,,,,,,,,,,,,,,,,,,,,,,,,,,,,,,,,,,,,,,,,,,,,,,1,,,,,
Antigua and Barbuda,,,,,,1,,,,,,,,,,,2,,,,,,,,,,,,,,,,,,,2,,,,,,,,,,,,,,,,,,,,,,1,3,,,,,,,,,,,,,2,,,,,,1,,,,,,2,,,,,,,,,,,,,,,,,,,,1,,,,,,,,,,,,,,,,,,,,,,,,,,,,,,,,,,,,,,,,,1,,,,,,,,,,,,,,,,,,,,1,,,,,,4,2,,,,,,,,,,,,,,,,,,,,,,,,,,,,,,,2,,,,,,,,,3,7,,,,,,,,,,,
Argentina,,,,,,,,,,,,,,,,,,,,,,,,2,,,28,,,,,,,,,,,,,,9,,,,2,,,,,,,,1,,,,,,1,,1,,,,,,,1,,,,2,,,,,,1,,,,,,,,,,,,,,,,,,,,,,,,,2,,,,,,,,,,,,,,,,,,,,,,,,,,,,,,,2,,,,,,,,,,1,,,,,,,,,,,,,,2,,4,4,,,,,,,,,,,,,,,,,,,,,,,,,,,,,4,,,,,,,,,,,,,,,,,,,,,,1,10,9,,,2,,,,,,,
Armenia,,,,,,,,,,,,3,,,,,,1,,,,,,,,,,,,,,,,,,,,,,,,,,,,,,,,,,,,,2,,,,,,,,,,,,,,,,,3,,,,,,,,,1,,,,,,,,,,,,,,,,,1,,,,,1,,,,,1,,,,,,,1,,,,,,,,,,,,,,,,,,,,,,,,,,,,,,,,,,,,,,,,,,,,,,,,1,,,,,,27,,,,,,,,,,,,,,,,,,,,,,,,,,,,,,,,,,,,,,,,,2,2,,,,,,,,,,,,,
Aruba,,,,,,,,,,,,,,,,,,,,,,,,,,,,,,,,,,,,2,,,,,,,,,2,,,,,,,,,,,,,,2,,,,,,,,,,,,,,,,,,,,,,,,,,,,,,,,,,,,,,,,,,,,,,,,,,,,,,,,,,,,,,,,,,,,,,,,,,,,,,,,,,,,,1,3,,,,,,,,,,,,,1,,,,,,,,,,,,,,,,,,,,,,,,,,,,,,,,,,,1,,,,,,,,,,,,,,,,,,,,21,,,,11,,,,,,,
Australia,,,,,,,,,,,,,,,,,,,,,,,,,,,,,1,,,,,,,1,,,,,2,17,1,,,,,,1,,,,,,,,,,,2,,,,,,,,,,11,,,,,,,,,,,,,,,1,,,,,,,,16,,,2,26,,,,,,,,15,,,,,,,,,,,,,,,,,,,,14,,,,,,,1,,,,,,,,,,1,,,,4,77,,,,2,,,,,,,,9,,,4,,,,2,,,,,,,,,2,,,,,,,42,,,2,,4,5,,,,,,,,,3,,,14,,1,,,,,,,,,16,,26,,,7,,4,,,,,,
Austria,,1,1,,,,,,3,,,,2,,,,,2,2,,,,,,1,,,,,3,,,,,,3,,,,,,2,,,,,,,,,,6,,3,1,5,,,,,,6,,,,,,,,,2,13,,,,,2,67,,,36,,,,,,,,,,,,,1,,2,,2,1,1,,3,28,,2,,3,2,,,,,,2,,,,,1,2,,1,,,,,,4,,,,,,,,1,,2,,,,,,5,,,,,,,,,,2,,,,,,,,,4,6,,1,,8,13,,,,,,,,,,3,,,,1,2,,,,,,40,,,,,4,12,1,,,3,,,,1,19,,,,,10,2,11,6,,,,,,,,,,,
Azerbaijan,1,,,,,,,,,,,2,,,,,,1,,,,,,,,,,,,,,,,,,,,,,,,2,,,,,,,,,,,,,2,,,,,,,,,,,,,,,,,2,,,,,2,3,,,,,,,,,,,,,,,,1,,,,3,,,,1,4,,,,,4,,,,,,2,,,,,,,,,,,,,,,,,,,,,,,,,,,,,,,,,,,,,,,,,,,,,,,,,,,,2,,,21,,,,,,,,,,,,,,,,,,,,,,,,,,,,,,,,,,,,6,2,,,,3,2,2,,,1,,,,,,,,,
Bahamas,,,,,,,,,,,,,,,,,,,,,,,,,,,,,,,,,,,,3,,1,,,,,,,,,,,,,,,2,,,,,,,,,,,,,,,,,,,,,,,,,,,,,,,,,,,,,,,,,,,,,,,,,,,1,,,,,,,,,,,,,,,,,,,,,,,,,,,,,,,,,,,,,,,,,,,,,,,,,,,,,,1,,,,,,,,,,,,,,,,,,,,,,,,,,,,,,,,,,,,,,,,,,,,,,,,,4,,,,,1,72,,,,,,,,,,,
Bahrain,,,,,,,,,,,,,,,,,,,,,,,,,,,,,,,,,,,,,,,,,,,,,,,,,,,,,,1,,,,,,,,2,,,,,1,,,,,1,,,,,,1,,,,,,,,,,,,,,,,,,7,,3,2,,,,,,,,2,,,,4,,,,1,,,,,,,,,,,,,,,,,,,,,,,,,,,,,,,,,,,,,,,,3,6,,,,,,2,,,,10,,,,,,,,,,,8,,,,,,,,,,,,,,2,1,,,,,,,,3,,,,,2,,,,,,16,4,,,,,,,,,,2,,
Bangladesh,,,,,,,,,,,,,,,,,,,,,,,1,,,,,,,,,1,,,,,,,,,,2,,,,,,,,,,,,,,,,,,,,,,,,,,,,,,,,,,,,,,,,,,,,,,,,,,,3,,,12,,,,,,,1,,,,,,,,2,,,,,,,,,,,,,,6,,,,,,,,,,,,,,,,,,4,,,,,,,,,,,,5,1,,,,,,,,,,2,,,,,,,,,,,7,,,,,4,,,,,,,,,2,,,,,,,,,7,,,,,1,,,,,,9,1,,,,,,,,,,,,
Barbados,,,,,,,2,,,,,,,,,,,,,,,,,,,,1,,,,,,,,,2,,,,,,,,,,,,,,,,,,,,,,1,,,,,,,,,,,,,,,,,,,,1,,,,,1,,,,,,,1,,,,,,,,,,,,,,1,,,,,,,,,,,,,,,,,,,,,,,,,,1,,,,,,,,,,,,,,,1,,,,,,,,,,,,,,,,,,,,,,,,,,,1,,1,,,,,,,,,,,,,,,,,,,,,,,,,,,,,1,,,,,,,,,5,3,,,,,,,,,,,
Belarus,,,,,,,,,1,,,2,1,,,,,,,,,,,,,,,,,,,,,,,,,,,,,,,,,,,,,,,,,1,2,,,,,,,,,,,,,,,,2,2,,,,,3,4,,,,,,,,,,,,,,,,1,,,,1,,,,1,2,,,,,1,,,,,,2,1,,,,1,,,,,,,,,,,,,,,,,,,,,,,,,1,,,,,,,,,,,,,,,,,,,2,,,,,,12,,,,,,,,,,,,,,,,,,,,,1,,,,,1,1,,,,,,,,,2,1,,,,2,2,1,,,,,,,,,,,,
Belgium,,,1,,4,,,,,,,2,,,,,,,,,4,,,,,,,,,4,4,,4,,9,7,,,,,,2,,,,,,1,,,3,5,,2,4,5,,,,,,2,,,,2,,,,,1,37,,,,,,15,,,20,,,,,,,,,,,,,3,1,4,,,,3,,2,44,,,,,,,,,,,2,1,,,,5,,,1,,,,,,2,,,,,,,,,,2,22,,,,,1,,,,,,,,,,3,,,,,,,,,6,18,,1,,4,2,5,,,,,,,,5,2,,3,,1,3,,,,,,57,,,,,7,6,,,,2,,,,4,8,,,,,2,3,17,21,,,,,,,,,,,
Belize,,,,,,,,,,,,,,,,,,,,,,,,,,,,,,,,,,,,,,,,,,,,,,,,,,,,,,,,,,,,,,,1,,,,,,,,,,,,,,,,,,,,,,,2,,,,,,2,,,,,,,,,,,,,,,,,,,,,,,,,,,,,,,,,,,,,,,,,,2,,,,,,,,,,,,,,,,,,,,,,,,,,,,,,,,,,,,,,,,,,,,,,,,,,,,,,,,,,,,,,,,,,,,,,,,,,,,,,,10,,,,,,,,,,,
Benin,,,,,,,,,,,,,,,,,,,,,,,,,,,,,,,1,,,,4,,,,,,,,,,,,7,,,,8,,,,,,,,,,,,,2,,,1,,,,,1,,,3,,,,1,,,,,,,,,,,,,,,,,,,,,,,,,,,,,,1,,,,,,,,,,,,,,,,,,3,,,,,,,,,,,,,,,,,,,,,,1,3,,,,,,,,,,,,,,,,,,,,,,,,,,,,2,,,,,,,,,,,,,,,,,,,,,,,3,,,,,,,,,,,,,,,,,,,,,,,
Bermuda,,,,,,,,,,,,,,,,,,,,,,,,,,,,,,,,,,,,2,,,,,,,,,,,,,,,,,,,,,,,,,,,,,,,,,,,,,,,,,,,,,,,,,,,,,,,,,,,,,,,,,,,,,,,,,,,,,,,,,,,,,,,,,,,,,,,,,,,,,,,,,,,,,,,,,,,,,,,,,,,,,,,,,,,,,,,,,,,,,,,,,,,,,,,,,,,,,,,,,,,,,,,,,,,,,,,,2,11,,,,,,,,,,,
Bhutan,,,,,,,,,,,,,,,,1,,,,,,,,,,,,,,,,,,,,,,,,,,,,,,,,,,,,,,,,,,,,,,,,,,,,,,,,,,,,,,,,,,,,,,,,,,,,,,,,3,,,,,,,,,,,,,,,,,,,,,,,,,,,,,,,,,,,,,,,,,,,,,,,1,,,,,,,,,,,,,,,,,,,,,,,,,,,,,,,,,,,,,,,,,,,,,,,,,,,,,,,,,,,,,,,,,,,,,,,,,,,,,,,,,
Bolivia,,,,,,,,2,,,,,,,,,,,,,,,,,,,2,,,,,,,,,,,,,,3,,,,1,,,,,,,,,,,,,,,,,,,,,,,,,,,,,,,,,,,,,,,,,,,,,,,,,,,,,,,,,,,,,,,,,,,,,,,,,,,,,,,,,,,,,,,,,,,,,,,,,,,,,,,,,,,,,,,,,1,,2,8,,,,,,,,,,,,,,,,,,,,,,,,,,,,,2,,,,,,,,,,,,,,,,,,,,,,,2,,,,,,,,,,,
Bosnia and Herzegovina,,,,,,,,,,,,1,,,,,,,,,,,,,,,,,,,,,,,,,,,,,,,,,,,,,,,,1,,,,1,,,,,,,,,,,,,,,,,,,,,,4,,,,,,,,,,,,,,,,,,,,,,,,,1,,,,,,,,,,,,,,,,,,,,,,,,,,,,,,,,,,,,,,,,,,,,,,,,,,,,,,,,,,,,,,,,,,,,,,,,,,,,3,,,,,1,,,,,,,,,,,3,1,,,,,,,,,4,,,,,,,,,,,,,,,,,,,
Botswana,,,,,,,,,,,,,,,,,,,,,,,,,,,,,,,,,,,,,,,,,,,,,,,,,,,,,,,,,,,,,,,,,,,,,,,,,,,,,,,,,,,,,,,,,,,,,,,,,,,,,,,,,,,,,1,,,,,,,,,,,,,,,,,,,,,,,,,,,,,,,,1,,,,,,,,,,,,,,,,,,,,,,,,,,,,,,,,,,,,,,,,,,,,,,9,,,,,,,,,,,,,,,,,,,,,,,,,,,,,,,,,,,,1,2
Brazil,,,,,2,,,29,,,,,,,,,1,,,,,,,3,,,,,,,,,,,,2,1,,,,6,,,,4,,,,,,,,,,,,,,4,,1,,,,,,,,,,,4,1,,,,,8,,,,,,,,,,,,,,,,,,,,,,,,,4,,,,,,,,,,,,,,,,,,,,,,,,,,,,,,,2,,,,,1,,,,,2,,,,,,,,,,,,,,7,,5,10,,,12,,1,,,,,,,,,,,,,,,,,,,,,2,,,8,,,1,,,1,,,,,1,,,,1,,,,,,3,3,58,9,,,3,,,,,,,
British Virgin Islands,,,,,,,,,,,,,,,,,,,,,,,,,,,,,,,,,,,,,,,,,,,,,,,,,,,,,,,,,,2,,,,,,,,,,,,,,,,,,,,,,,,,,,,,,,,,,,,,,,,,,,,,,,,,,,,,,,,,,,,,,,,,,,,,,,,,,,,,,,,,,,,,,,4,,,,,,,,,,,,,,,,,,,,6,,,,,,1,,,,,,,,,,,,,,,,,,,,,,,,,,,,,,,,,,,,,,,,,,,,,,,,3,,,,,
Brunei,,,,,,,,,,,1,,,,,,,,,,,,,,,,,,,,,,,,,,,,,,,1,,,,,,,,,,,,,,,,,,,,,,,,,,,,,,,,,,,,,,,,,,,,,,,,,,,2,,,,4,,,,,,,,,,,,,,,,,,,,,,,,,,,,7,,,,,,,,,,,,,,,,,,,,,,,,,,,,,,,,,,,,,2,,,,,,,,,,,,,,,1,,,,,2,,,,,,,,,,,,,,,,,,2,,,,,,,,,,,1,,,,,,,,,,,,,
Bulgaria,,,,,,,,,,,,3,,,,,,,4,,,,,,,,,,,,,,,,,,,,,,,,,,,,,,,,,,,4,2,1,,,,,,,,,,,,,,,1,3,,,,,,11,,,4,,,,,,,,,,,,,,,,,,,1,,2,7,,,,,,,,,,,,,,,,,1,,,,,,,,,,,,,,,,,,,,,,,,2,,,,,,,,,,1,,,,,,,,,2,,,,,3,8,,,,,,,,,,2,,,,,,,,,,,8,,,,,,1,,,,,,,,,1,,,,,,1,10,,,,,,,,,,,,
Burkina Faso,,,1,,,,,,,,,,,,,,,,4,,1,,,,,,,,,,,,,,,,,,,,,,,,,,,,,,8,,,,,,,,,,,,,,,,1,,,,,1,,,,,,,1,,,,,,,,,,,,,,,,,,,,,,,,,,,,,,,,,,,,,,,,,,,,,,,,3,,,,,,,,,,,,1,,,,,,,,,,7,,,,,,,,,,,,,,,,,,,,,,,,,,,,,1,,,,,,,,,,,,,,,,,,,,,,,2,,,1,1,,,,,,,,,,,,,,,,,,,
Burma,,,,,,,,,,,,,,,,1,,,,,,,,,,,,,,,,,,1,,,,,,,,8,,,,,,,,,,,,,,,,,,,,,,,,,,,,,,,,,,,,,,,,,,,,,,,,,,,1,,,1,,,,,,,,,1,,,,,,,,,,,,,,,,,,,,3,,,,,,,,,,,,,,,,,,,,,,,,,,,,,,,,,,,,,,,,,1,,,,,,,,,,,,,,,,6,,,,,,3,,,,,,,,,1,,,12,,,,,,,,,,,,,,,,,,2,,,,,,
Burundi,,,,,,,,,,,,,,,,,,,,,,,,,,,,,,,,,,,,,,,,,,,,,,,,,,,,,,,,,,,,,,,,,,,,,,,,,,,,,,,,,,,,,,,,,,,,,,,,,,,,,,,,,,,,,6,,,,,,,,,,,,,,,,,,,,,,,,,,,,,,,,,,,,,,,,,,,,,,,,,,,,,,,,,,,,,6,,,,,,,,,,,,,,,,,,,,,,,,,,,,,,,,,,,,,,,1,,,,,,,,,,,,,,,
Cambodia,,,,,,,,,,,,,,,,,,,,,,,,,,,,,,,,1,,,,,,,,,,10,,,,,,,,,,,,,,,,,,,,,,,,,,,,,,,,,,,,,,,,,,,,,,,,,,,2,,,,,,,,,,,,,,,,,,,,5,,,,,,,,,,,,4,,,,,,,,,,,,,,,,,,,,,,,,,,,,,,,,,,,,,1,,,,,,,,,,,,,,,,,,,,9,,,,,,8,,,,,,,,,3,,,8,,,,,,,,,,,,,,,,,,14,,,,,,
Cameroon,,,,,,,,,,,,,,,,,,,9,,4,,,,,,,,,,,,,,,,,,2,3,,,,,,,5,4,,,1,,,,,,,,,,,,,5,,,2,,,,,4,,,5,,,,,,,,,,,,,,,,,,,,,,,,,,,,,,,,,,2,,,,,,,,,,,,,,,,,,,,,,,,,,,,,,2,,,,,,,,,,,2,,,,,,,,,,,,,,,,,,,,,,,,,,,,1,,,,,,,,,,,,,,,,,,,,,,,1,,,,1,,,,,,,,,,,,,,,,,,,
Canada,,,1,,,,2,,,2,1,3,,4,,,2,,6,,,2,,,,,2,,,,,,,,,,,2,,,1,12,,,2,,,,,3,,,27,,,3,,,14,,,1,1,,,,1,,,,,19,,,,,,19,,,2,,2,1,,,,,,2,1,,4,,2,,,,,3,,2,8,10,10,,3,,,,,,,,,,,,,,,,,,,,,,,1,,,,27,,,,,1,,,,,10,1,,2,,,,,,,,,3,,1,,,1,1,2,9,1,1,,,2,,,2,3,,,,1,,,,,,,,,,,4,,4,,,,,,8,3,,,,,,2,1,2,,2,,,,3,41,363,,,,,,,,,,,
Cape Verde,,,,,,,,,,,,,,,,,,,,,,,,,,,1,,,,,,,,,,,,,,,,,,,,,,,,,,,,,,,,,,,,,,,,,,,,,3,,,,1,,5,,,,,,,,,,,1,,,,,,,,,,,,,,,,,,,,,,,,,,,,,,,1,,,,,,,,,,,,,,,,,,,1,,,,,2,,,,,,,,,,,,,,,,,,,,8,,,,,,,,,,,,1,,2,,,,,,,,,,,,1,,,,,,,,,,,,,,,,,,,,,,9,1,,,,,,,,,,,
Cayman Islands,,,,,,,,,,,,,,1,,,,,,,,,,,,,,,,,,,,,,2,,,,,,,,,,,,,,,,,1,,,,,,,,,,,,,,,,,,,,,,,,,,,,,,,,,,,,,,,2,,,,,,,,,,,,1,,,,,,,,,,,,,,,,,,,,,,,,,,,,,,,,,,,,,,,,,,,,,,,,,,,,,,,,,,,,,,,,,,,,,,,,,,,,,,,,,,,,,,,,,,,,,,,,,,,,,,,,,,,,,16,,,,,,,,,,,
Central African Republic,,,,,,,,,,,,,,,,,,,,,,,,,,,,,,,,,,,2,,,,,,,,,,,,,,,,,,,,,,,,,,,,,,,,,,,,,,,,,,,,,,,,,,,,,,,,,,,,,,,,,,,,,,,,,,,,,,,,,,,,,,,,,,,,,,,,,,,,,,,,1,,,,,,,,,,,,,,,,,,,,,,,,,,,,,,,,,,,,,,,,,,,,,,,,,,,,,,,,,,,,,,,,,,,,,,,,,,,,,,,,,,,,,
Chad,,,,,,,,,,,,,,,,,,,,,,,,,,,,,,,,,,,3,,,,,,,,,,,,,,,,,,,,,,,,,,,,,,,,1,,,,,1,,,,,,,,,,,,,,,,,,,,,,,,,,,,,,,,,,,,,,,,,,,,,,,,,,,,,,,,,,,,,,,,,,,,,,,,,,,,,1,2,,,,,,,,,,,,,,,,,,,,,,,,,,,,,,,,,,,,,,,,,,,,,,,,,,,,,,,1,,,,,,,,,,,,,,,,,,,
Chile,,,,,,,,10,,,2,,,,,,,,,,,,,3,,,6,,,,,,,,,1,,,,,,,,,2,,,,,,,,,,,,,,1,,2,,,,,,,,,,,2,,1,,,,,,,,,,,,,,,,,,,,,,,,,,,,,,,,,,,,,,,,,,,,,,,,,,,,,,,,,,,,3,,,,,,,,,,,,,2,,,,,,,,,,,1,,2,7,,,,,,,,,,,,,,,,,,,,,,,,,,,,,2,,,,,,,,,,,,,,,,,,,,,,,10,2,,,1,,,,,,,
China,,,1,,1,,,,,,17,2,2,,,2,,,2,,,,,,,,,,1,,,8,,11,,12,,,,,,,,,,,,,,,,,,,,3,,,,,,4,,,,,6,,,,6,10,,,,,1,19,,,,,,,,,,,,,,,117,,,6,13,4,,,,2,5,,140,,,7,2,,,5,5,,,,,,,,46,,,,29,4,,,,,,2,,1,,,4,,,,,,4,13,,,3,,,,,3,3,,,4,,,,,,13,2,,,6,,,46,,,,,,,,2,,,,,45,,,,,2,152,,2,3,,,,2,3,189,4,,73,,,,,7,1,,,,,14,11,58,,4,,,23,,,,,,
Christmas Island,,,,,,,,,,,1,,,,,,,,,,,,,,,,,,,,,,,,,,,,,,,,,1,,,,,,,,,,,,,,,,,,,,,,,,,,,,,,,,,,,,,,,,,,,,,,,,,,,,,,,,,,,,,,,,,,,,,,,,,,,,,,,,,,,,,,,,,,,,,,,,,,,,,,,,,,,,,,,,,,,,,,,,,,,,,,,,,,,,,,,,,,,,,,,,,,,,,,,,,,,,,,,,,,,,,,,,,,,,,,,,,,,,
Cocos (Keeling) Islands,,,,,,,,,,,,,,,,,,,,,,,,,,,,,,,,,,,,,,,,,,,1,,,,,,,,,,,,,,,,,,,,,,,,,,,,,,,,,,,,,,,,,,,,,,,,,,,,,,,,,,,,,,,,,,,,,,,,,,,,,,,,,,,,,,,,,,,,,,,,,,,,,,,,,,,,,,,,,,,,,,,,,,,,,,,,,,,,,,,,,,,,,,,,,,,,,,,,,,,,,,,,,,,,,,,,,,,,,,,,,,,,,
Colombia,,,,,,,,2,,2,,,,,,,,,,,,,,1,,,4,,,,,,,,,2,,,,,2,,,,,,,,,1,,,3,,,,,,3,,11,,3,,,,,,,,,1,,,,,,2,,,,,,,,1,,,,,,,,,,,,,,,,,,,,,,,,,,,,,,,,,,,,,,,,,,,,,,,,6,,,,,,,,,,,2,,,,,,,,,,,,,10,,,4,,,,1,,,,,,,,,,,,,,,,,,,,,,,,,5,,,,,,,,,,,,,,,,,,,,,,,49,,,,5,,,,,,,
Comoros,,,,,,,,,,,,,,,,,,,,,,,,,,,,,,,,,,,,,,,,,,,,,,,,,,,,,,,,,1,,,,,,,,,,,,,,,,,,,,,,,,,,,,,,,,,,,,,,,,,,,,,,,,,,,,4,,,,,,,,,,,,,,1,,,,,,,,,,2,,,,,,,,,,,,,,,,,,,,,,,,,,,,,,,,,,1,,,,,,,,,,,,,,,,,,,,,,,,,,,,,,,,1,,,,,,,,,,,,,,,,,,,,,,,,,
Congo (Brazzaville),,,,,1,,,,,,,,,,,,,,,,7,,,,,,,,,,,,,,4,,,,,,,,,,,,,3,,,,,,,,,,,,,,,,,,,2,,,,,4,,,6,,,,,,,,,,,,,,,,,,,,,,,,,,,,,,,,,,2,,,,,,,,,,,,,,,,,,,,,,,,,,,,,,2,,,,,,,,,,,,,,,,,,,,,,,,,,,,,,,1,,,,,,,,,,,,,,,,,2,,,,,,,,,,,,,,,,,,,,,,,,,,,,,,,,,,,,,
Congo (Kinshasa),,,,,,,,,,,,,,,,,,,4,,,,,,,,,,,,,,,,5,,,,,,,,,,,,4,,,,,,,,,,,,,,,,,,,,,,,,,1,,,1,,,,,,,,,,,,,,,,,,,,,,,,,,,,,,,,,,4,,,,,,,,,,,,,,,,,,,,,,,,,,,,,,,,,,,,,,,,,,,,,,,,,,,,,,,,,,,,,,,,,,,,,,,,,,,,,,3,,,,,,,,,,,,,,,,,,1,,,,,,,,,,,,,,,,,,3,
Cook Islands,,,,,,,,,,,1,,,,,,,,,,,,,,,,,,,,,,,,,,,,,,,,,,,,,,,,,,,,,,,,,,,,,,,,,,,,,,,2,,,,,,,,,,,,,,,,,,,,,,,,,,,,,,,,,,,,,,,,,,,,,,,,,,,,,,,,,,,,,,,,,,,,,,,,,3,,,,,,,,,,,,,,,,,,,,,,,,,,,,,,,,,,,,,,,,,,,,,,,,,,,,,,,,,,,,,,,,,,2,,,,,,,,,,,
Costa Rica,,,,,,,,,,,,,,,,,,,,,,,,,,,,,,,,,,,,3,,,,,,,,,1,,,,,,,,,,,,,,1,,,,2,,,,,,,,,,,,,,,,,,,,,,,4,,,,,,5,,,,,,,,,,,,,,,,,,,,,,,,,,,,,,,,,,,,,,,,,,3,,,,,,,,,,,,,,3,,,,,,,,,,7,,,1,,,,,,,,,,,,,,,,,,,,,,,,,,,,,1,,,,,,,,,,,,,,,,,,,,,,,36,,,,,,,,,,,
Cote d'Ivoire,,,1,,,,,,,,,,,,,,,,4,,3,,,,,,,,,,8,,,,1,,,,,,,,,,,,,,,,,,,,,,,,,,,,,,,,,,,,,3,,,1,,,,7,,,,,,,,,2,,,,,,,,,,,,,,,,,,,,,1,,,,,,,,1,,,,,,,,,,2,,,,,,,,,,,,1,,,,,,,,,,,4,,,,,,,,,,,,,,,,,,,,,,,,,,,,3,,,1,,,,,,,,,,,,,,,,,,,,5,,,1,1,,,,,,,,,,,,,,,,,,,
Croatia,,,,,,,,,,,,6,,,,,,,5,,,,,,1,,,,,,,,,,,,,,,,,,,,,,,,,,,,,,2,6,,,,,,,,,,1,,,,,3,12,,,,,,55,,,2,,,,,,,,,,,,,1,,,,,,3,,,5,,,,,,,,,,,,,,,,,1,,1,,,,,,,,,,,,,,,,,,,,,,3,,,,,,,,,,9,,,,,,,,,3,,,,,,2,,,,,,,,,,2,,,,,,,,,,,5,,,,,9,8,,,,,,,,,2,,,,,,,35,,,,,,,,,,,,
Cuba,,,,,1,,,1,,,,,,2,,,,,,,,,,,,,,,,,,,,,,29,,1,,,,,,,3,,,,,,,,,,,,,,2,,1,,1,,,,,,,,,2,,,,,,4,,,,,,,,,,,,,,,,,,,,,,,,,5,1,,,,,,,,,,,,,,,,,,,,,,,,,,1,,,,8,,,,,,,,,,1,,,,,,,,,,,,,,2,,,2,,,,,,,,3,,,,,,,,,,,,,,,,,,,,,2,,,,,,1,,,,,,,,,,,,,,,,2,,,,,3,,,,,,,
Cyprus,,,,,,,,,,,,3,,,1,,,1,2,,,,,,,,,,,4,,,,,,,,,,,,,,,,,,,,,,,,,,,,,,,,2,,,,,,,,,,3,,,,,,8,,,12,,,,,,,,,,,,,1,,,,,,,,3,1,,,,1,,,,,,,1,2,,,,1,,,,,,,,,2,,,,,,,,1,,,,,,,,3,,,,,,,,,,1,,,,,,,,,2,,,1,,3,11,,,,,,,,,,2,,,,,,,,,,,,,,,,2,3,,,,,,,,,14,,,,,5,3,50,,,,,,,,,,,,
Czech Republic,,,,,,,,,2,,,1,2,,,,,2,4,,,,,,,,,,,2,,,,,,,,,,,,,,,,,,,,,,1,,,,4,,,,,,,,,,,,,,,3,16,,,,,,14,,,5,,,,,,,,,,,,,2,,,,,,2,,4,19,,,,,1,,,,,,2,,,,,1,,,,,,,,,2,,,,,,,,,,,,,,,,5,,,,,,,,,,3,,,,,,,,,3,2,,,,5,24,,,,,,,,,,1,,,,4,1,,,,2,,16,,,,,5,4,,,,,,,,,2,,,,,3,2,16,,,1,,,,,,,,,
Denmark,,,,,,,,,,,,5,,,,,,,5,,,,,,1,,,,,1,,,,,,3,,,,,,3,,,,,,,,,,6,,,4,,,,,,,2,,,,2,,,2,,4,12,,,,,,26,,,7,1,,,,,,,,,,,,3,4,,,,,3,,2,21,,1,,,,,,,,,4,,,,,3,2,,,,,,,,2,,,,,,,,,,,2,,,,,11,,,,,,,,,,30,,1,,,,,,,7,5,,1,,1,3,,,,,,,,,,2,,,2,,2,,,,,,31,,,,,9,7,,,,2,,,,,10,,,,,,2,22,7,,,,,,,,,,,
Djibouti,,,,,,,,,,,,,,,,,,,,,,,,,,,,,,,,,,,,,,,,,,,,,,1,,,,,,,,,,,,,,,,,,,,,5,,,,,1,,,,,,,,,,,,,,,,,,,,,,,,,,,,,,,,,,,,,2,,,,,,,,,,,,,,,,,,,,,,,,,,,,,,,,,,,,,,,,,,,,,,,,,,,,,,,,,,,,,,,,,,,,1,,,,,,,,,5,,,,,,,,,,,,,,,,,,,1,,,,,,4,,,,,,,,,,,3,,
Dominica,,,,,,,1,,,,,,,,,,1,,,,,,,,,,,2,,,,,,,,,,,,,,,,,,,,,,,,,,,,,,,,,,,,,,,,,,,,,,,,,,,,,,,,3,,,,,,,,,,,,,,,,,,,,,,,,,,,,,,,,,,,,,,,,,,,,,,,,,,,,,,,,,,,,,4,,,,,,,,,,,,,,,,,,,,4,,,,,,,,,1,,,,,,,,,,,,,,,,,,,,,,,,,,,,,,,,,,,,,,,,,,,,,1,,,,,
Dominican Republic,,,,,,,4,1,,2,,,,,,,,,,,,,,,,,4,,,,,,,,,17,,,,,1,,,,3,,,,,1,,,2,,,,,,,,,,,,,,,,,,,10,,,,,,7,,,,,,3,,,,,,,2,,,,,,,,,,,,3,2,,,,,,,,,,,,,,,,,,,,,,,,,,,,,,,,,,,,,,,,1,5,,,,,,,,,,,,,4,,,2,,,,9,,,,4,,,,,,,,,,,,,,,,,,,,,5,,,,,,1,,,,,,,,,,,3,,,,,1,61,,,,1,,,,,,,
East Timor,,,,,,,,,,,2,,,,,,,,,,,,,,,,,,,,,,,,,,,,,,,,,,,,,,,,,,,,,,,,,,,,,,,,,,,,,,,,,,,,,,,,,,,,,,,,,,,,,,1,,,,,,,,,,,,,,,,,,,,,,,,,,,,,,,,,,,,,,,,,,,,,,,,,,,,,,,,,,,,,,,,,,,,,,,,,,,,,,,,,,,,,1,,,,,,,,,,,,,,,,,,,,,,,,,,,,,,,,,,,,,,,,,,
Ecuador,,,,,,,,1,,,,,,,,,,,,,,,,,,,1,,,,,,,,,,,,,,1,,,,11,,,,,,,,1,,,,,,,,,,2,,,,,,,,,,,,,,,,,,,,,,,,,,,,,,,,,,,,,,,,,,,,,,,,,,,,,,,,,,,,,,,,,,,,,,,1,,,,,,,,,,2,,,,,,,,,,,,,,3,,,5,,,,,,,,,,,,,,,,,,,,,,,,,,,,,4,,,,,,,,,,,,,,,,,,,,,,,8,,,,1,,,,,,,
Egypt,,,2,,,,,,,,,6,,,2,,,,2,,,,,,,,,,,,,,,,,1,,,,,,4,,,,,,,,,,,,2,,2,,,,,,,,,1,,2,,,,,5,,,,,,18,1,,4,,,,,,,,,,,,,1,,2,1,,2,,,1,5,,,,5,,1,,16,,,,3,,,10,,,,,,,,,,,,,,,,,,,,,2,,,,,2,,,,,,3,,,,,2,,,,,,,,,,,4,,,11,,,,,,,,57,,,,,,,,,,2,,2,2,,3,,,,10,,,1,3,,,,2,8,,,,1,,11,34,2,,,,,,,,,5,,
El Salvador,,,,,,,,,,,,,,,,,,,,1,,,,,,,,,,,,,,,,1,,,,,,,,,3,,,,,2,,,1,,,,,,,,2,,,,,,,,,,,,,,,,,,,,,,,,,1,,,,,,3,,,,,,,,,,,,,,,,,,,,,,,,,,,,,,,,,,,,,,,,,,3,,,,,,,,,,,,,,2,,,,,,,,,,2,,,1,,,,,,,,,,,,,,,,,,,,,,,,,,,,,2,,,,,,,,,,,,,,,,,,,,,,,29,,,,,,,,,,,
Equatorial Guinea,,,,,,,,,,,,,,,,,,,,,2,,,,,,,,,,,,,,5,,,,,,,,,,,,,,,,,,,,,,,,,,,,,,,,2,,,,,,,,2,,,,,,,,,,,,,,,,,,,,,,,,,,,,,,,,,,,,,,,,,,,,,,,,,,,,,,,,,,,,,,,,1,,,,,,,,,,,1,,,,,,,,,,,,,,,,,,,,,,,,,,,,,,,,,,,,,,,,1,,,,,,,,,,,,,,,,,,,,,,,,,,,,,,,,,,
Eritrea,,,,,,,,,,,,,,,,,,,,,,,,,,,,,,,,,,,,,,,,,,,,,,,,,,,,,,,,,,,,,,1,,,,,,,,,,,,,,,,,,,,,,,,,,,,,,,,,,,,,,,,,,,,,,,1,,,,,,,,,,,,,,,,,,,,,,,,,,,,,,,,,,,,,,,,,,,,,,,,,,,,,,,,,,,,,,,,,,,,1,,,,,,,,,,,,1,,,1,,,,,,,,,,,,,,,,,,,,,,,,,,,,,,2,,
Estonia,,,,,,,,,,,,,,,,,,,2,,,,,,,,,,,,,,,,,,,,,,,,,,,,,,,,,1,,,,2,,,,,,,,,,,,,,,3,1,,,,,,2,,,1,,,,,,,,,,,,,,,,,,,,,,1,,,,,,,,,,,1,,,,,3,,,,,,,,,,,,,,,,,,,,,,,,,2,,,,,,,,,,6,,,,,,,,,1,,,,,,3,,,,,,,,,,,,,,,,,,,,,1,,,,,4,,,,,,,,,,1,,,,,1,,3,,,,,,,,,,,,
Ethiopia,,,,,2,,,,,,,,,,1,,,,,,1,,,,,,,,,,1,,,,2,,,,,1,,6,,,,,1,2,,,,,,,,,5,,,,,2,,2,,,,,,,,1,,,1,,,2,1,,,,,,,,,,,,,,1,,,4,,,,,,1,1,,,,,,6,,2,,,,1,,,,,,,,,1,,,2,,,,,,,,,,,,,1,,,,,,,,,1,3,,,,,2,,,,,,,,,,,1,,,,2,,,,,,,9,,,,,,,,,1,2,,2,,,2,,,,,,,3,2,1,,,,1,,,,2,,3,1,,,,,,,,,,1,1,4
Falkland Islands,,,,,,,,,,,,,,,,,,,,,,,,,,,,,,,,,,,,,,,,,1,,,,,,,,,,,,,,,,,,,,,,,,,,,,,,,,,,,,,,,,,,,,,,,,,,,,,,,,,,,,,,,,,,,,,,,,,,,,,,,,,,,,,,,,,,,,,,,,,,,,,,,,,,,,,,,,,,,,,,,,,,,,,,,,,,,,,,,,,,,,,,,,,,,,,,,,,,,,,,,,,,,,,,,,,,,,,,,,,,,,,,,
Faroe Islands,,,,,,,,,,,,,,,,,,,,,,,,,,,,,,,,,,,,,,,,,,,,,,,,,,,,,,,,2,,,,,,,,,,,,,,,,,,,,,,,,,,,,,,,,,,,,,,,,,,,,,,,,,,,,,,,,,,,,,,,,,,,,,,,,,,,,,,,,,,,,,,,,,,,,,,,,,,2,,,,,,,,,,,,,,,,,,,,,,,,,,,,,,,,,,,,,,,,,,,,,,,,,,,,,,,,,,,,,,,,,,,,,,
Fiji,,,,,,,,,,,11,,,,,,,,,,,,,,,,,,,,,,,,,,,,,,,,,,,,,,,,,,,,,,,,,,,,,,,,,,,,,,,,,,,,,,,,,,,,,,,,,,2,,,,,,,,,,,,,,,,,3,,,,,,,,,,,,,,,,,,,,,,,,,,,,,,,,,,,,1,7,,,,,,,,,,,,1,,,,,,,,,,,,,,,,1,,,,,,,,,,2,,,1,,,,,,,,,,,,,,2,,,,,,1,,,,,6,,,2,,,,1,,,,
Finland,,,,,,,,,,,,2,,,,,,2,1,,,,,,,,,,,1,,,,,,,,,,,,6,,,,,,,,,,3,,,3,4,,,,,,,,,,3,,,,,,6,,,,,,19,,,2,,,,,,,,,,,,1,3,2,1,,,,1,,1,5,,6,,,,,,,,,3,,,,,2,,,,,,,,,,,,,,,,,,,,,,,,,3,,,,,,,,,,3,,,,,,,,,5,2,,,,,9,,,,,,,,,,,,,1,,1,,,,1,,16,,,,,22,3,,,,1,,,,,5,,,,,1,,9,4,,,,,,,,,,,
France,,,68,,1,,2,2,3,,,13,2,,1,,,2,36,,1,,,,,,4,,,3,1,,,,4,19,4,,1,1,2,10,,,1,,4,1,,,3,12,2,3,16,12,1,,5,,,5,,,,1,1,,,,6,,3,,1,,2,84,,,32,,,7,,,1,1,,,1,,3,5,4,4,,1,,23,,9,149,,7,1,2,,2,,,,,3,2,,2,,3,7,,,3,,3,,2,11,,4,1,2,3,4,,1,,2,79,,,,,33,8,,,,3,4,,,,15,1,2,,1,,,2,,15,53,1,1,5,7,11,,,,,,,,4,3,4,,,2,1,2,,,2,3,,149,1,,,,18,21,1,,,3,1,,,45,26,,,,,3,7,157,91,,2,,1,6,1,,,,,
French Guiana,,,,,,,,,,,,,,,,,,,,,,,,,,,1,,,,,,,,,,,,,,,,,,,,,,,,,,,,,,,,,,,,,,,,,,,,,3,,,,,,,,,,,,,,,,,,,,,,,,,,,,,,,,,,,,,,,,,,,,,,,,,,,,,,,,,,2,,,,,,,,,,,,,,,,,,,,,,,,,,,,,,,,,,,,,,,,,,,,,,,,,,,,,,,,,,,,,,,1,,,,,,,,,,,,,,,,,,,,,,,,,,,,,,,
French Polynesia,,,,,,,,,,,,,,,,,,,,,,,,,,,,,,,,,,,,,,,,,1,,,,,,,,2,,,,,,,,,,,,,,,,,,,,,,,,,,,,,,,,,,,,,,,,,,,,,,,,,,,,,,,,2,,,,,,,,,,,,,,,,,,,,,,,,,,,,,,,,,,,,,,,,,1,4,,,,,,,,,,,,,,,,,,,,,,,,,,,,,,,,,,,,,,,,,,,,,,,,,,,,,,,,,,,,,,,,,,7,,,,,,,,,,,
Gabon,,,,,,,,,,,,,,,,,,,,,3,,,,,,,,,,,,,,4,,,,,,,,,,,,6,1,,,1,,,,,,,,,,,,,1,,,1,,,,,1,,,,,,,,,,,,,,,,,,,,,,,,,,,,,,,,,,,,,,,,,,,,,,,,,,,,,,,,,,,,,,,,,,,1,,,,,,,,,,,2,,,,,,,,,,,,,,,,,,,,1,,,,,,,,,,,,,,,,,1,,,,,,,,,,,,,,1,,,,1,,,,,,,,,,,,,,,,,,,
Gambia,,,,,,,,,,,,,,,,,,,,,,,,,,,,,,,,,,,,,1,,,,,,,,,,,,,,,,,,,,,,,,,,,,,,,,,,,,,,,,,,,,,,,,,,,,1,,,,,,,,,,,,,,,,,,,,,,,,,,,,,,,,,,,,,,,,,,,,,,,,,,1,,,,,,,,,,,,,,,,,,,,,,,,,,,,,,,,,,,,,,,4,,,2,,,,,,,,,4,,,,,,,,,,,,,,,,,,,,,,,,,,,,,,,,,,
Georgia,,,,,,,,,,,,2,2,,,,,3,,,,,,,,,,,,,,,,,,,,,,,,1,,,,,,,,,,,,,,,,,,,,,,,,,,,,,,2,,,,,,1,,,1,,,,,,,,,,,,,,,,,,2,,,3,1,,,,,2,,,,,,2,,,,,1,,,,,,,,,,,,,,,,,,,,,,,,,2,,,,,,,,,,,,,,,,,,,3,,,,,,4,,,,,,,,,,,,,,,,,,,,,,,,,,,,,,,,,,,,5,,,,,7,1,,,,,,,,,,,,,
Germany,,2,3,,1,,,1,,,,67,3,,1,,,4,15,,,,,,4,,8,,,11,,,,,,19,5,,,,,19,,,2,,,,,,,57,4,8,14,27,,,7,,,18,,,,2,2,,,,19,84,,,,,1,,1,,176,,,,,,2,,,,,,3,11,4,14,,5,5,19,,12,221,1,11,3,7,4,2,,2,,,14,3,,,,7,9,,5,,,3,1,,8,,,,1,,4,,2,,2,20,,1,,,27,1,,,,,4,,,,26,2,,,,,,,,44,64,1,9,,15,46,,,,,,,,10,,25,1,,7,,4,,,6,4,,354,1,,,,29,42,1,1,,4,,,1,32,128,1,,,,12,23,103,115,,1,,1,4,,,,,,
Ghana,,,,,,,,,,,,,,,,,,,,,1,,,,,,,,,,1,,,,,,,,,,,,,,,,,,,,8,,,,,,,,,,,1,,,,,1,,,,,,,,,,,1,,,,,,,,,,,,,,,,,,,,,,,,,1,,,,,,1,,,,,,1,,5,,,,,,,,,,,,,,,,,,,,,,1,,1,,,1,,,,,,5,,,,,,,,,,,,,,1,,,,,,,,,,,,,,3,,,3,,,,,,1,,,1,,,,,,,,,,,1,,,,1,,,,,,1,2,1,,,,,,,,,,,
Gibraltar,,,,,,,,,,,,,,,,,,,,,,,,,,,,,,,,,,,,,,,,,,,,,,,,,,,,,,,,,,,,,,,,,,,,,,,,,,,,,,,,,,,,,,,,,,,,,,,,,,,,,,,,,,,,,,,,,,,,,,,,,,,,,,,,,,,,,,,,,,,,,,,,,,,,,,,,,,,,,,,,,,,,,,,,,,,,,,,,,,,,,,,,,,,,,,,,,,,,,,,,,,,,,,,,,,,,6,,,,,,,,,,,,
Greece,,2,,,,,,,1,,,36,,,,,,,18,,,,,,,,,,,4,,,,,,2,,,,,,,,,,,,,,,,2,,11,4,7,,,,,,4,,,,1,,,,,2,30,,,,,1,166,,,,,,,,,,,,,,,,2,,,,,,3,,3,24,,,,1,,,,,,,2,1,,,,4,4,,,,,,,,1,,,,,,,,1,,,,,,,,21,,,,,,,,,,11,,,,,,,,,7,,,2,,4,28,,,,,,,,,,4,,,,,,,,,,,7,,,,,10,9,,,,,,,,,6,,,,,5,3,95,3,,,,,,,,,,,
Greenland,,,,,,,,,,,,,,,,,,,,,,,,,,,,,,,,,,,,,,,,,,,,,,,,,,,,,,,,1,,,,,,,,,,,,,,,,,,,,,,,,,,,,,,,,,,,,,,,2,,,,,,,,,,,,,,,,,,,,,,,,,,,,,,,,,,,,,,,,,,,,,,,,,,,,,,,,,,,,,,,,,,,,,,,,,,,,,,,,,,,,,,,,,,,,,,,,,,,,,,,,,,,,,,,,,,,,,,,,,,,,,,,,,
Grenada,,,,,,,,,,,,,,,,,1,,,,,,,,,,,,,,,,,,,2,,,,,,,,,,,,,,,,,,,,,,,,,,,,,,,,,,,,,,,,,,,,,,,,,,,,,,,,,,,,,,,,,,,,,,,,,,,,,,,,,,,,,,,,,,,,,,,,,,,,,,,,,,,,,,,,,,,,,,,,,,,,,,,,,,,,,,,,2,,1,,,,,,,,,,,,,,,,,,,,,,,,,,,,,3,,,,,,,,,,4,,,,1,,,,,,,
Guadeloupe,,,,,,,2,,,,,,,,,,,,,,,,,,,,,,,,,,,,,1,,,,,,,,,,,,,,,,,,,,,,3,3,,,,,,,,,,,,,6,,,,,,,,,,,,,,,,,,,2,,,,,,,,,,,,,,,,,,,,,,,,,,,,,,,,,,,,,,,5,,,,,,,,,,,,,,,1,,,,,,,,,,,,,,,,,,,,2,,,,,,,,,,,,,,,,,,,,,,,,,,,,,,,,,,,,,,,,,,,,,,,,2,,,,,,,,,,,
Guam,,,,,,,,,,,1,,,,,,,,,,,,,,,,,,,,,,,,,,,,,,,,,,,,,,,,,,,,,,,,,,,,,,,,,,,,,,,,,,,,,,,,,,,,,,,,,,1,,,,,,,,,,,,19,,,,,,,,,,,,,,,,,,,,,,,,,,,,,,2,,,,,,,,,,,,,,,,,,2,,,,1,,,,,2,,,,,,,,,,,,,,,,,,,,,,,,,,4,,,,,,,,,2,,,,,,,,,,,,,,,,1,,,,,,,,,,,
Guatemala,,,,,,,,,,,,,,,,,,,,2,,,,,,,,,,,,,,,,,,,,,,,,,1,,,,,2,,,,,,,,,,,,,3,,,,,,,,,,,,,,,,,,,,,,,,,,,,,8,,,,,,,,,,,,,,,,,,,,,,,,,,,,,,,,,,,,,,,,,,3,,,,,,,,,,,,,,1,,,,,,,,,,1,,,,,,,,,,,,,,,,,,,,,,,,,,,,,,,,,,,,,,,,,,,,,,,,,,,,,,,17,,,,,,,,,,,
Guernsey,,,,,,,,,,,,,,,,,,,,,,,,,,,,,,,,,,,,,,,,,,,,,,,,,,,,,,,,,,,,,,,,,,,,,,,,1,,,,,,1,,,,,,,,,,,,,,,,,,,,,,,,,,,,4,,,,,,,,,,,,,,,,,,,,,,,,,,,,,,,,,,,,,,1,,,,,,,,,,,,,,,,,,,,,,,,,,,,,,,,,,,,,,,,,,,,,,,,,,,,,,,,,,,,,,,,,,,,11,,,,,,,,,,,,
Guinea,,,,,,,,,,,,,,,,,,,,,,,,,,,,,,,,,,,,,,,,,,,,,,,,,,,2,,,,,,,,,,,,,,,,,,,,,1,,,,,,,,,,,,,,,,,2,,,,,,,,,,,,,,,,,,,,,,,,,,,,,,,,,,,,,,2,,,,1,,,,,,,,1,,,,,,,,,,,,,,,,,,,,,,,,,,,,,,,,,,,,,,,8,,,,,,,,,,,,,,,,,,,,,,,1,,,,,,,,,,,,,,,,,,,,,,,
Guinea-Bissau,,,,,,,,,,,,,,,,,,,,,,,,,,,,,,,,,,,,,1,,,,,,,,,,,,,,,,,,,,,,,,,,,,,,,,,,,,,,,1,,,,,,,,,,,,2,,,,,,,,,,,,,,,,,,,,,,,,,,,,,,,,,,,,,,,,,,,,,,,,,,,1,,,,,,,,,,,,,,,,,,,,,,,,,,,,,,,,,,,,,,,2,,,,,,,,,,,,,,,,,,,,,,,,,,,,,,,,,,,,,,,,,,,,,,
Guyana,,,,,,,,,,,,,,,,,1,,,,,,,,,,,,,,,,,,,2,,,,,,,,,,,,,,,,,,,,,,,,,,,,,,,,,,,,,,,,,,,,,,,,,,,,,,,,,,,,,,,,,,,,1,,,,,,,,,,,,,,,,,,,,,,,,,,,,,,,,,,,,,,,,,,,,,,,,,,,,,,,,,,,,,,,,,,,,,,,,,,,,,,,,,,,,,,,,,1,,,,,,,,,,1,,,,,,,,,,2,,,,1,,,,,,,
Haiti,,,,,,,,,,,,,,,,,,,,,,,,,,,,,,,,,,,,1,,,,,,,,,,,,,,,,,,,,,,,3,,,,,,,,,,,,,,,,,,,,,,,,,2,,,,,,,,,,,,,,,,,,,,,,,,,,,,,,,,,,,,,,,,,,,,,,,,,,,,,,,,,,,,,1,,,,,,,,,,,,,2,,,,,,,,,,,,,,,,,,,,,,,,,,,,,,,,,,,,,,,,,,,,,,,,,3,,,,,,13,,,,,,,,,,,
Honduras,,,,,,,,,,,,,,,,,,,,2,,,,,,,,,,,,,,,,,,2,,,,,,,,,,,,5,,,,,,,,,,,,,3,,,,,,,,,,,,,,,,,,,,,,,10,,,,,,,,,,,,,,,,,,,,,,,,,,,,,,,,,,,,,,,,,,,,,,,,1,,,,,,,,,,,,,,,,,,,,,,,,2,,,,,,,,,,,,,,,,,,,,,,,,,,,,,,,,,,,,,,,,,,,,,,,,,,,,,,,19,,,,,,,,,,,
Hong Kong,,,,,,,,,,,15,,,,,3,,,,,,,,,,,,,2,,,1,,2,,4,,,,,,116,,,,,,,,,,,,,,,,,,,,,,,,,1,,,2,1,3,,,,,,3,,,,,,,1,,,,,,,,,,,14,10,,,,,1,2,,27,,,1,,,,,,,,,,,,,,,,,11,2,,,,,,1,,,,,2,,,,,,1,2,,,3,,,,,,,,,,,,1,,,11,,,,2,,,9,,,,,,,,1,,,,,8,,,,,2,16,,,,,,,,1,13,,,24,,,,,1,,,,,,5,3,16,,,,,10,,,,,,
Hungary,,,,,,,,,,,,1,1,,,,,1,3,,,,,,,,,,,,,,,,,,,,,,,,,,,,,,,,,1,,1,2,3,,,,,,1,,,,,,,,,3,5,,,,,,12,,,2,,,,,,,,,,,,,,,,,,,2,,2,11,,,,,,,,,,,1,,,,,,,,,,,,,,2,,,,,,,,,,,,,,,,4,,,,,,,,,,1,,,,,,,,,2,1,,1,,1,4,,,,,,,,,,2,,,,,,,,,,,5,,,,,4,2,,,,,,,,,2,,,,,1,1,15,,,,,,,,,,,,
Iceland,,,,,,,,,,,,,,,,,,,1,,,,,,,,,,,,,,,,,2,,,,,,,,,,,,,,,,,,,,4,,,,,,,,,,,,,,,2,4,,,,,,4,,,,2,,,,,,,,,,,,,,,,,,,,,,,,,,,,,,,,,,,,,,,,,,,,,,,,,,,,,,,,,,,,,,1,,,,,,,,,,5,,,,,,,,,,,,,,,,,,,,,,,,,,,,,,,,,,,,2,,,,,1,1,,,,,,,,,,,,,,,,10,7,,,,,,,,,,,
India,7,,,,,,,,,,2,2,,,8,12,,,5,,,,3,,,,,,,,,1,,,,,,,,,,6,,,,,,,,,,,,,,,,,,,,2,,,,,4,,,,1,4,,,,,,12,,,,,,,,,,,,,,,14,,,,,2,,,,1,2,,5,,2,1,3,,9,,,,,,,,,,,,,,22,5,,,,,,6,,,,,,,,,,,8,3,,,,,,,,,,,23,3,,,,,,,,,,17,1,,2,,,,,,,,39,,,,,37,,,,,3,3,,,24,,,,,4,2,1,,18,,,,,4,2,,,,,88,17,5,,2,,,,,,,2,,
Indonesia,,,,,,,,,,,26,,,,,,,,,,,,,,,,,,4,,,,,,,,,,,,,13,,,,,,,,,,,,,,,,,,1,,1,,,,,,,,,,,,,,,,,,,,,,,,,,,,,,,10,,,,,,,,,,,,13,,,,,,,,,,,,,,,,,,,,46,,,,,,,,,,,,,,,,,,,,,,,,,,,,,,,,,,1,,,5,,,,1,,,,,,,,,,,7,,,,,63,,,,,,6,,,2,,,,,,7,,,8,,,,,,,,,,,5,,,,,,,1,,,,,,
Iran,5,,,,,,,,1,,,2,3,,3,,,1,,,,,,,,,,,,,,,,,,,,,,,,4,,,,,,,,,,,,,,,,,,,,,,,,,,,,,,1,,,,,,5,,,,,,,,,,,,,,,,,,2,,,4,,,,3,,,,,1,,,11,,,,2,,,,,,,,,,2,,,,,,,,,,,,,,,,,,,1,,,,,,,,,,,3,3,,,,,,,,,,5,,,1,,,,,,,,12,,,,,,,,,,,,,,,,,,3,,,3,,1,,,,,14,,,,,,23,1,,,1,,,,,,,,,
Iraq,,,,,,,,,,,,1,,,2,,,,,,,,,,,,,,,,,,,,,,,,,,,,,,,,,,,,,,,,,,,,,,,2,,,,,,,,,,,,,,,2,5,,,,,,,,,,,,,,,,,,,,4,,,,,,,,,9,,,,2,,,,5,,,,,,,,,,,,,,,,,,,,,,,,,,,,,1,,,,,,,,,,,,,,,,,,,,,,5,,,,,,,,,,,,,,,,,,,,,,,,,,,,,7,,,,,,,,,,16,,,,,,15,,,,,,,,,,,,,
Ireland,,,,,,,,,,,,1,,,,,,,3,,,,,,,,,,,1,,,,,,3,,,,,,,,,,,,,,,,3,,,2,3,,,,,,,,,,,,,,,1,23,,,,,,19,,,3,,,,,,,,,,,,,2,,,,,,,1,,16,,,2,,,,,,,,1,,,,,4,1,,,,,,,,1,,,,,,,,1,,,1,,,,,4,,,,,,,,,,3,,,,,,,,,15,12,,,,2,,,,,,,,,,,,,,,1,,,,,,,53,,,,,2,3,,,,,,,,,2,,,,,,4,63,35,,,,,,,,,,,
Isle of Man,,,,,,,,,,,,,,,,,,,,,,,,,,,,,,,,,,,,,,,,,,,,,,,,,,,,,,,,,,,,,,,,,,,,,,,,,,,,,,,,,,,,,,,,,,,,,,,,,,,,1,,,,,,,,,,,,,,,,,,,,,,,,,,,,,,,,,,,,,,,,,,,,,,,,,,,,,,,,,,,,,,,,,,,,,,,,,,,,,,,,,,,,,,,,,,,,,,,,,,,,,,,,,,,,,,,,10,,,,,,,,,,,,
Israel,,,,,,,,,,,,3,1,,,,,1,2,,,,,,,,,,,2,,,,,,3,,,,,,2,,,,,,,,,,,,3,4,2,,,,,,1,,,,,1,,,,1,10,,,,,3,12,,,3,,,,,,,,,,,,1,2,,1,,,,,,,9,,,,2,,,,,,,1,,,,,1,,,,,,,,,,,,,,,,,,,,,,,,,4,,,,,,,,,,,,,,,,,,,4,,,,,5,10,,,,,,,,,,1,,,,,,,,1,1,,6,,,,,1,5,,,,2,,,,,3,,,,,7,,6,7,,1,,,,,,,,,
Italy,,27,4,,,,,2,1,,,28,4,,,1,,2,45,,,,,,1,,4,,,7,,,,,,8,,,,,,5,,,,,,,,,,5,3,1,19,21,,,3,,,6,,,,1,1,,,,5,148,,,,,1,221,,,25,,,,,,,,,,,,2,11,,2,,3,,16,,9,,,4,,3,,,,2,,,9,4,,,2,7,7,,3,,,,,,16,,,,1,,1,,12,,2,17,,,,,41,,,,,,1,,,,14,1,1,,,,,,,29,20,,4,,34,34,,,,,,,,8,1,6,,,2,4,,,,,2,,120,3,,,,19,38,,,,2,,,,8,12,,,,,10,8,141,53,,2,,1,,,,,,,
Jamaica,,,,,,,1,,,,,,,1,,,1,,,,,,,,,,,,,,,,,,,12,,2,,,,,,,,,,,,,,,,,,,,,1,,,,,,,,,,,,,,,,,,,1,,,,,,,,,,,,1,,,,,,,,,,,,,,,,,,,,,,,,,,,,,,,,,,,,,,,,,,,,,,,,,,,,,,1,2,,,,,,,,,,,,,3,,,,,,,,,,,,,,,,,,,,,,,,,,,,,,,,,,,,,,,,,,,,,1,,,,1,,,,,3,41,,,,,,,,,,,
Japan,,,,,,,,,,,15,2,,,,,,,,,,,,,,,,,,,,1,,,,10,,,,,,140,,,,,,,,,,,,,,1,,,,,,,,,,,,,,,6,7,,2,,,,11,,,,,,,19,,,,,,,,27,,,5,13,,,,,,4,,,,,,,,,,,,,,,,,,6,,,,10,,,,,,,,,1,,,1,,,,,,,3,,2,3,,,,,,3,,,,2,,1,,,15,,,,6,,,9,,,,,,,,,,,,,18,,,,,,104,,,1,,,,,2,67,,,22,,,,,4,,,,,,8,8,78,,1,,,20,,,,,,
Jersey,,,,,,,,,,,,,,,,,,,,,,,,,,,,,,,,,,,,,,,,,,,,,,,,,,,,,,,,,,,,,,,,,,,,,,,,1,,,,,,4,,,,,,,,,3,,,,,,,,,,,,,2,,,,,,,,,,,,,,,,,,,,,,,,,,,,,,,,,,,,,,,,,,,,1,,,,,,,,,,,,,,,,,,,,,,,,,,,,,,,,,,,,,,,,,,,,,,,,,,,,2,,,,,,,,,,,,,,,,25,,,,,,,,,,,,
Jordan,,,2,,,,,,,,,3,,,2,,,,,,,,,,,,,,,,,,,,,3,,,,,,,,,,,,,,,,,,1,,,,,,,,5,,,,,,,,,,2,,,,,,7,,,1,,,,,,,,,,,,,,,2,,,8,,,2,3,,,,,,,,3,,,,3,,,6,,,,,,,,,,,,,,,,,,,,,,,,,,1,,,,,,1,,,,,2,,,,,,,,,,,2,,2,2,,,,,,,,11,,,,,,,,,,,,,4,,1,,,,2,,,,2,,,,1,3,,,,,1,9,2,6,,,,,,,,,5,,
Kazakhstan,,,,,,,,,1,,,2,4,,,,,1,,,,,,,,,,,,,,,,,,,,,,,,7,,,,,,,,,,,,,1,,,,,,,,,,,,,,,,,,,,,,2,4,,,,,,,,,,,,,,,1,,,1,,1,,,,,,,,,,,,,,3,,,,,,,,,,,,,1,,,,,,,,,,,,,,,,,,,2,,,,,,,,,,,,,,,,,,,,,,,,,38,,,,,,,,,,,,,,,,,,,2,,,,,,,,,,3,,1,,,,,7,,,,,4,7,3,,,4,,,1,,,,,,
Kenya,,,,,1,,,,,,,,,,,,,,4,,,,,,,1,,,,,,,2,,2,,,,,,,2,,,,1,2,4,,,1,,,,,,2,,,,,1,,,1,,6,,,,,2,,,,,,1,1,,,,,,,,,,,,,,,,,3,,,,,,,,,,,,,,,,,,,,,,,,,,,1,4,,,1,,,,,2,3,,,,,,,4,,,,3,,,,,,1,,,,,,,,,,,,,,,,1,,,,5,,,,,,,2,,,1,,,,,,7,2,2,2,,,1,,,,3,,,17,3,,,,,3,,,,3,,9,3,,,,,,,,,,1,9,3
Kiribati,,,,,,,,,,,,,,,,,,,,,,,,,,,,,,,,,,,,,,,,,,,,,,,,,,,,,,,,,,,,,,,,,,,,,,3,,,,,,,,,,,,,,,,,,,,,,,,,,,,,,,,,,,,,,,,,,,,,,,,,,,,,,,,,,,1,,,,,,,,,,,,,1,,,,,,,,,,,,,,,,,,,,,,,,,,,,,,,,,,,,,,,,,,,,,,,,,,,,,,,,,,,,,,,,,,,,,,,2,,,,,,,,,,,
Kuwait,1,,,,,,,,,,,,,,4,3,,,,,,,,,,,,,,,,,,,,,,,,,,,,,,,,,,,,,,,,,,,,,,16,,,,,3,,,,,,,,,,,2,,,,,,,,,,,,,,,,,,9,,11,2,,,,2,,,,3,,,,,,,,3,,,,,,,,,,1,,,,,,,,,,,,,,,,,,,3,,,,,,,,,,,2,6,,,,,,,,,,3,,,,,,,,,,,18,,,,,,,,,,,,,,3,,,,,,,,,1,,,,1,6,,,,,,11,3,2,,,,,,,,,1,,
Kyrgyzstan,,,,,,,,,,,,,,,,,,,,,,,,,,,,,,,,,,,,,,,,,,5,,,,,,,,,,,,,,,,,,,,,,,,,,,,,,,,,,,,,,,,,,,,,,,,,,,,,,,,,,,,,,,,,,3,,,,,,,,,,,,,,,,,,,,,,,,,,,,,1,,,,,,,,,,,,,,,,,,,,,,,,,,,,,,,,51,,,,,,,,,,,,,,,,,,,,,,,,,,,,,2,,,,,,,5,,,,,,1,,,,2,,,,,,,,,
Laos,,,,,,,,,,,,,,,,,,,,,,,,,,,,,,,,,,5,,,,,,,,5,,,,,,,,,,,,,,,,,,,,,,,,,,,,,,,,,,,,,,,,,,,,,,,,,,,,,,,,,,,,,,,,,,,,,,,,,,,,,,,,,,,1,,,,,,,,,,,,,,,,,,,,,,,,,,,,,,,,,,,,,,,,,,,,,,,,,,,,,,,,,1,,,,,,2,,,,,,,,,,,,10,,,,,,,,,,,,,,,,,,6,,,,,,
Latvia,,,,,,,,,,,,2,2,,,,,2,2,,,,,,,,,,,,,,,,,,,,,,,,,,,,,,,,,,,1,2,4,,,,,,,,,,1,,,,,3,3,,,,,2,14,,,2,,,,,,,,,,,,,1,,,,,,1,,1,9,,,,,,,,,,,,,,,,2,,,,,,,,,1,,,,,,,,1,,,,,,,,3,,,,,,,,,,10,,,,,,,,,2,,,,,,8,,,,,,,,,,,,,,,,,,,,,3,,,,,4,1,,,,,,,,,2,,,,,2,,7,1,,2,,,,,,,,,
Lebanon,,,1,,,,,,1,,,,,,1,,,1,1,,,,,,,,,,,,,,,,,,,,,,,,,,,,,,,,,,,2,,,,,,,,3,,,,,1,,,,,2,,,,,,3,1,,1,,,,,,,,,,,,,,,,,2,5,,,,4,,,,3,,,,3,,,,,,,,,,,,,,,,,,,,,,,,,,,,1,,,,,,,,,,,2,,,,,1,,,,,,,,,,,2,,2,2,,,,,,,,7,,,,,,,,,,,,,,,,,,,1,,,,,,,,2,3,,,,,,6,2,,,,,,,,,,1,,
Lesotho,,,,,,,,,,,,,,,,,,,,,,,,,,,,,,,,,,,,,,,,,,,,,,,,,,,,,,,,,,,,,,,,,,,,,,,,,,,,,,,,,,,,,,,,,,,,,,,,,,,,,,,,,,,,,,,,,,,,,,,,,,,,,,,,,,,,,,,,,,,,,,,,,,,,,,,,,,,,,,,,,,,,,,,,,,,,,,,,,,,,,,,,,,,1,,,,,,,,,,,,,,,,,,,,,,,,,,,,,,,,,,,,,
Liberia,,,,,,,,,,,,,,,,,,,3,,,,,,,,,,,,,,,,,,,,,,,,,,,,,,,,1,,,,,,,,,,,,,,,,,,,,,,,,,,,,5,,,,,,,,,,,,,,,,,,,,,,,,,,,,,,,,,,,,,,,,,,,,,,,,,,,,,,,,,,,,1,,,,,,,,,,,1,,,,,,,,,,,,,,,,,,,,,,,,,,,,,,,7,,,,,,,,,,,,,,,,,,,,,,,,,,,,,,,,,,,,,,,,,,,
Libya,,,2,,,,,,,,,,,,,,,,,,,,,,,,,,,,,,,,,,,,,,,,,,,,,,,,,,,,,,,,,,,10,,,,,,,,,,,,,,,,,,,,,,,,,,,,,,,,,,,,,,,,,2,,,,6,,,,,,,,,,,,,,,,,,,,,3,,,,,,,,,,,5,,,,,,,,,,,,,,,,,,,,,,,,,,,,,,,,,,,,,,2,,,,,,,,,,,,,1,,,,,,,,,,,,,,22,6,,,,,,1,3,,,,,,,,,,,,
Lithuania,,,,,,,,,,,,1,,,,,,1,5,,,,,,,,,,,,,,,,,,,,,,,,,,,,,,,,,,,1,1,3,,,,,,,,,,3,,,,,2,3,,,,,1,7,,,4,,,,,,,,,,,,,,,,,,,4,,1,7,,,,,,,,,,,2,,,,,,,,,,,,,,1,,,,,,,,,,,,,,,,1,,,,,,,,,,8,,,,,,,,,1,,,,,,4,,,,,,,,,,,,,,,,,,,,,4,,,,,2,,,,,,,,,,1,,,,,2,,10,,,,,,,,,,,,
Luxembourg,,,,,,,,,,,,2,,,,,,,,,,,,,,,,,,1,,,,,,,1,,,,,,,,,,,,,,,1,,,,2,,,,,,,,,,,,,,,,7,,,,,,9,,,4,,,,,,,,,,,,,,,,,,,1,,,8,,,,,,,,,,,,,,,,,,,,,,,,,1,,,,,,,,,,,2,,,,,1,,,,,,,,,,,,,,,,,,,,7,,,,,,,,,,,,,,,,,,,,,,,,,,12,,,,,1,2,,,,,,,,1,3,,,,,,,4,,,,,,,,,,,,
Macau,,,,,,,,,,,,,,,,,,,,,,,,,,,,,,,,,,,,,,,,,,46,,,,,,,,,,,,,,,,,,,,,,,,,,,,,,,,,,,,,,,,,,,,,,,,,,,,,,,,,,,,,,,6,,,,,,,,,,,,,,,,,,,,1,,,,,,,,,,,,,,,,,,,,,,,,,,,,,,,,,,,,,5,,,,,,,,,,,,,,,,,,,,1,,,,,,6,,,,,,,,,8,,,4,,,,,,,,,,,,,,,,,,2,,,,,,
Macedonia,,,,,,,,,,,,1,,,,,,,1,,,,,,,,,,,,,,,,,,,,,,,,,,,,,,,,,1,,,,,,,,,,,,,,,,,,,,,,,,,,5,,,,,,,,,,,,,,,,,,,,,,,,,3,,,,,,,,,,,,,,,,,,,,,,,,,,,,,,,,,,,,,,,,,1,,,,,,,,,,,,,,,,,,,,,,,,,,,,,,,,,,,1,,,,,1,,,,,,,,,,,3,2,,,,,,,,,2,,,,,,1,1,,,,,,,,,,,,
Madagascar,,,,,,,,,,,,,,,,,,,,,,,,,,,,,,,,,,,,,,,,,,,,,,1,,,,,,,,,,,,,,,,,,,,,,,,,,5,,,,,,,,,,,,,,,,,,,,,,,,,,,,,,,,,,,,,1,,,,,,,,,,,,,,,,,,,,,,,2,5,,,,,,,,,,,,,,,,,,,,,,,,,,,,,,,,,,7,,,,,,,,,,,,,,,,,,,,2,,,,,,,,,,,,,2,,,,,,,,,,,,,,,,,,,,,,,,
Malawi,,,,,,,,,,,,,,,,,,,,,,,,,,,,,,,,,,,,,,,,,,,,,,,,,,,,,,,,,,,,,,,,,,,1,,,,,,,,,,,,,,,,,,,,,,,,,,,,,,,,,,,,,,,,,,4,,,,,,,,,,,,,,,,,,,,,,,,,,,,,,,,,,,,,,,,,,,,,,,,,,,,,,,,,,,,,,,,,,,,,,,,,,,,,,3,,,,,,,,,,,,1,,,,,,,,,,,,,,,,,,,,,,,,5,1
Malaysia,,,,,,,,,,,14,,,,,6,,,,,,,,,,,,,7,,,3,,4,,,,,,,,29,,,,,,,,,,,,,,,,,,,,,,,,,,,,,,3,,,,,,3,,,,,,,,,,,,,,,11,,,22,46,2,,,,,,,10,,,1,,,1,,1,,,,,,,,1,,,,,1,,,,,,2,,,,,,,,,,,3,3,,,1,,,,,1,,,2,3,,,,,,9,,,,2,,,,,,,,,,,6,,,,,39,,,,,,8,,,4,,,,,,7,,,33,,,,,2,,,,,,7,2,,,2,,,6,,,,,,
Maldives,,,,,,,,,,,,,,,,,,,,,,,,,,,,,,,,,,,,,,,,,,4,,,,,,,,,,,,,,,,,,,,,,,,,,,,,,,,,,,,1,,,,,,,,,,,,,,,2,,,5,,,,,,,1,,,,,,,,,,,,,,,,,,,,,,1,,,,,,,,,,,,,,,,,,,,,,,,,,,,,,1,,,,,,,,,,,1,,,2,,,,,,,,,,,,,2,,,,,,,,,13,,,,,,,,,1,,,,,1,,,,,,4,1,,,,,,,,,,,,
Mali,,,1,,,,,,,,,,,,,,,,,,3,,,,,,,,,,3,,,,,,,,,,,,,,,,,,,,3,,,,,,,,,,,,,,,,2,,,,,2,,,,,,,,,,,,,,,,2,,,,,,,,,,,,,,,,,,,,,1,,,,,,,,,,,,,,,,,,,,,,1,,,,,,,,1,,,,,,,,,,,1,,,,,,,,,,,,,,1,,,,,,,,,,,,,,5,,,,,,,,,,,,,,,,,,,,,,,1,,,1,,,,,,,,,,,,,,,,,,,,
Malta,,,1,,,,,,,,,4,,,,,,,2,,,,,,,,,,,,,,,,,,,,,,,,,,,,,,,,,,,2,2,2,,,,,,,,,,,,,,,,11,,,,,,8,,,1,,,,,,,,,,,,,2,,,,,,1,,,15,,,,,,,,,,,1,,,,4,1,1,,,,,,,,,,,,,,,,,,,,,,,,3,,,,,,,,,,2,,,,,,,,,2,,,,,,4,,,,,,,,,,,,,,,,,,,,,4,,,,,3,3,,,,,,,,2,4,,,,,,,28,,,,,,,,,,,,
Marshall Islands,,,,,,,,,,,,,,,,,,,,,,,,,,,,,,,,,,,,,,,,,,,,,,,,,,,,,,,,,,,,,,,,,,,,,,,,,,,,,,,,,,,,,,,,,,,,,,,,,,,,,,,,,,,,,,1,,,,,,,,,,,,,,,,,,,,,,,,,2,,,,,,,1,,,,,,,,,,,,,,,,,,,,,,,,,,,,,,,,,,,,,,,,,,,,,,,,,,,,,,,,,,,,,,,,,,,,,,,1,,,,,,,,,,,
Martinique,,,,,,,,,,,,,,,,,1,,,,,,,,,,,,,,,,,,,1,,,,,,,,,,,,,,,,,1,,,,,,2,,,,,,,,,,,,,4,2,,,,,,,,,,,4,,,,,,,,,,,,,,,,,,,,,,,,,,,,,,,,,,,,,,,,,,,,,,,,,,,,,,,,,,,,,,,,,,,,,,,,,,,,,,,,,2,,,,,,,4,,,,,,,,,,,,,,,,,,,,,,,,,,,,,,,,,,,,,,,,,2,,,,,,,,,,,
Mauritania,,,,,,,,,,,,,,,,,,,,,,,,,,,,,,,,,,,,,,,,,,,,,,,,,,,,,,,,,,,,,,,,,,,,,,,,1,,,,,,,,,,,,,,,,1,,,,,,,,,,,,,,,,,,,,,,,,,,,,,,,,,,,,,,,1,,,,,,,,,,,,3,,,,,,,,,,,,,,,,,,,,,,,,,,,,,,,,,,,,,,,3,,,,,,,,,,,,3,,,,,,,,,,,,,,1,,,,,,,,,,,,,,,,,,,,
Mauritius,,,,,,,,,,,1,,,,,,,,,,,,,,,,,,,,,,,,,,,,,,,2,,,,,,,,,,,,,,,,,,,,,,,,,,,,,,3,,,,,,1,,,,,,,,,,,,,,,1,,,6,,,,,,,1,,,,,,2,,,,,,,,,,,,,,2,,2,,,,,,,,,,,,,,,,,,,,,,,,,,,,,,,,,,,,,,,,,,7,,1,,,,,,,,,,,1,,,,,,,5,,,,,,,,,,,,,,,,,,,,,,,,2,3,,,,,,,,,,,,
Mayotte,,,,,,,,,,,,,,,,,,,,,,,,,,,,,,,,,,,,,,,,,,,,,,5,,,,,,,,,,,,,,,,,,,,,,,,,,,,,,,,,,,,,,,,,,,,,,,,,,,,,,,,,,,,,,,,,,,,,,,,,,,,,7,,,,,,,,,,,,,,,,,,,,,,,,,,,,,,,,,,,,,,,,,,,,2,,,,,,,,,,,,,,,,,,,,,,,,,,,,,,,,1,,,,,,,,,,,,,,,,,,,,,,,,,
Mexico,,,,,,,,2,,,,,,,,,,,,2,,,,,,,2,,,,,,,,,30,,,,,3,1,,,6,,,,,3,,,5,,,,,,,,1,,3,,,,,,,,,4,,,,,,4,,,,,,,,3,,,,,,1,,,,,,,,,,,3,,2,,,,,,,,,,,,,,,,,,,,,,,,,,,,,,,,,,,,,,,2,,,,,,,,,,,,,,8,,,4,,,,,,,,1,,,,,,,,,,,,,,,,,,,,,8,,,,,,,,,,,,,,,,,,,,,,12,373,,,,1,,,,,,,
Micronesia,,,,,,,,,,,,,,,,,,,,,,,,,,,,,,,,,,,,,,,,,,,,,,,,,,,,,,,,,,,,,,,,,,,,,,,,,,,,,,,,,,,,,2,,,,,,,,,,,,,,,,,,,,,,,,,,,,,,,,,,,,,,,,,,,,2,,,,,,,,,,,,,,,,,,,,,,,,,,,,1,,,,,,,,,,,,,,,,,,,,,,,,,,,,,,,,,,,,,,,,,,,,,,,,,,,,,,,,,,,,,,,,,,,
Moldova,,,,,,,,,,,,1,,,,,,,,,,,,,,,,,,,,,,,,,,,,,,,,,,,,,,,,,,1,,,,,,,,,,,,,,,,,,1,,,,,,2,,,1,,,,,,,,,,,,,,,,,,,1,,,12,,,,,,,,,,,1,,,,,,,,,,,,,,,,,,,,,,,,,,,,,,,,,,,,,,,,,,,,,,,,,,1,,,,3,5,,,,,,,,,,,,,,,,,,,,,,,,,,,,,,,,,,,,2,,,,,1,1,1,,,,,,,,,,,,
Mongolia,,,,,,,,,,,,,,,,,,,,,,,,,,,,,,,,,,,,,,,,,,4,,,,,,,,,,,,,,,,,,,,,,,,,,,,,,,,,,,,,,,,,,,,,,,,,,,2,,,,,,,,,,,,1,,,,,,,1,,,,,,,,,,,,,,,,,,,,,,,,,,,,,,,,,,,,,,,,,,,,,,,,,,,,,,,,,2,,,,,,,,,,,,,,,,,,,2,,,,,,,,,,,,1,,,,,,,,,,,,,,,,,,,,,,,,
Montenegro,,,,,,,,,,,,2,,,,,,,2,,,,,,,,,,,,,,,,,,,,,,,,,,,,,,,,,,,,,,,,,,,,,,,,,,,,,2,,,,,,2,,,,,,,,,,,,,,,,,,,,,,,,,2,,,,,,,,,,,,,,,,,,,,,,,,,,,,,,,,,,,,,,,,,,,,,,,,,,,,,,,,,,,,,,,,,,7,,,,,,,,,,4,,,,,2,,,,,,,,,,,,1,,,,,,,,,1,,,,,,,2,,,,,,,,,,,,
Morocco,,,3,,1,,,,,,,,,,,,,,21,,1,,,,,,1,,,,1,,,,2,1,1,,,,,,,,,,2,1,,,1,,,,,1,,,,,,2,,1,,,,,,,,80,,,1,1,,21,,,,,,,,,,1,1,,,,,,,,,,,1,,,17,,,,,,,,,,,,1,,1,5,,2,,,,,,,1,,,,3,,,,,,,,,,,,,11,,,,,1,,,,,1,,,,,,,,,,4,,1,,,2,,,,,,,,4,1,,,1,,,,,,,,,39,,,,,1,5,,,,,1,,,2,3,,,,,,4,26,1,,,,,,,,4,,,
Mozambique,,,,,1,,,,,,,,,,,,,,,,,,,,,,,,,,,,,,,,,,,,,,,,,,,,,,,,,,,,,,,,,,,,,,1,,,,,,,,,,,,,,,,,,,,,,,,,,,,,,,,,,,,,,,,,,4,,,,,,,,,,,,,,,,,,,,,,,,,,,,,,,,,,,,,,,,,,,,,,,,,,,,,,,1,,,,,,,,,,,,,,,,,,,,,,,15,,,,,,,,,,,,1,,,,,,,,,,,,,,,,,,,,,,,,,
Namibia,,,,,3,,,,,,,,,,,,,,,,,,,,,1,,,,,,,,,,,,,,,,,,,,,,,,,,,,,,,,,,,,,,,,,,,,,,,,,,,,1,1,,,,,,,,,,,,,,,,,,,,,,,,,,,,,,,,,,,,,,,,,,,,,,,,,,,,,,,,,,,,,,,,,,,,,,,,,,,,,,,,,,,,,,,,,,,,,,,,,,,,,,,,,,,,9,,,,,,,,,,,,,,,,,,,,,,,,,,,,,,,,,,,,2,2
Nauru,,,,,,,,,,,1,,,,,,,,,,,,,,,,,,,,,,,,,,,,,,,,,,,,,,,,,,,,,,,,,,,,,,,,,,,,,,,,,,,,,,,,,,,,,,,,,,,,,,,,,,,,,,,,,,,1,,,,,,,,,,,,,,,,,,,1,,,,,,,,,,,,,,,,,,,,,,,,,,,,,,,,,,,,,,,,,,,,,,,,,,,,,,,,,,,,,,,,,,,,,,,,,,,,,,,,,,,,,,,,,,,,,,,
Nepal,,,,,,,,,,,,,,,,4,,,,,,,1,,,,,,,,,,,,,,,,,,,4,,,,,,,,,,,,,,,,,,,,,,,,,,,,,,,,,,,,,,,,,,,,,,,,,,,1,,,8,,,,,,,,,,,,,,,,,,,,,,,,,,,,,3,,,,,,,,,,,,,,,,,,,,,,,,,,,,,,1,1,,,,,,,,,,2,,,,,,,,,,,,,,,,2,,,,,,1,,,,,,,,,,,,2,,,,,1,,,,,,4,,,,,,,,,,,,,
Netherlands,,,,,1,,,1,,2,,5,,,,,,1,1,,,,,,,,2,,,2,,,,,,10,1,,,,,13,,,,,,,,,,3,3,3,5,11,,,2,,2,2,,,,2,,,,,4,34,,,,,2,25,1,,21,,,,,,1,,,,,,2,4,1,3,,1,1,4,,4,42,,3,1,1,2,3,,3,,,3,,,,,1,1,,1,,,3,,,3,,,,,,1,,,,,10,,,,,,4,,,,,1,,,,15,,,,2,,,2,,9,23,,3,,4,4,3,,,,,,,3,,3,,,2,,1,,,3,2,,68,,,2,,7,6,2,,3,3,,,,1,24,,,,,2,10,54,39,,,,,,,,,,,3
Netherlands Antilles,,,,,,2,1,,,4,,,,,,,1,,,,,,,,,,,4,,,,,,,,1,,,,,,,,,2,,,,,,,,,,,,,5,6,,,,,,,,,,,,,7,,,,,,1,,,,,,1,,,,,,,1,,,,,,,,,,,,,2,,,,,,,,,,,,,,,,,,,,,,,,,,,,,,,,,,,,,,,,4,,,,,,,,,,,,,,2,,,,,,,3,,,,,,3,1,,,,,,,,,,,,,,,,,,,,,1,,,,,,,,,,3,,,,,,,,,,23,,,,6,,3,,,,,
New Caledonia,,,,,,,,,,,4,,,,,,,,,,,,,,,,,,,,,,,,,,,,,,,,,,,,,,,,,,,,,,,,,,,,,,,,,,,1,,,,1,,,,,,,,,,,,,,,,,,,,,,,,,,,,,,,2,,,,,,,,,,,,,,,,,,,,,,,,,,,,,,,,,,,,,,,,,,2,,,,,,,,,,,,,,,,,,,,,,,,,,,,,,,,,,,,,,,,,,,,,,,,,,,,,,,,,,,,,,,,,,,,,2,,,,1,,,,
New Zealand,,,,,,,,,,,64,,,,,,,,,,,,,,,,,,,,,,,,,,,,,,2,3,,,,,,,2,,,,,,,,,,,,,,,,,,,,,3,,,,4,,,,,,,,,,,,,,,,,,,2,,,,,,,,,,,,3,,,,,,,,,,,,,,,,,,,,1,,,,,,,,,,,,,,,,,,,,,2,,,,,,,,,,,,,,,,,,,,,,,,,,,,,2,,,,,,,5,,,,,,1,,,,,,,,,,,,2,,2,,,,,,,,,,,4,,,2,,,,,,,,
Nicaragua,,,,,,,,,,,,,,,,,,,,,,,,,,,,,,,,,,,,,,,,,,,,,,,,,,4,,,,,,,,,,,,,2,,,,,,,,,,,,,,,,,,,,,,,1,,,,,,,,,,,,,,,,,,,,,,,,,,,,,,,,,,,,,,,,,,,,,,,,,,,,,,,,,,,,,,,,,,,,,,,,2,,,,,,,,,,,,,,,,,,,,,,,,,,,,,,,,,,,,,,,,,,,,,,,,,,,,,,,6,,,,,,,,,,,
Niger,,,1,,,,,,,,,,,,,,,,,,1,,,,,,,,,,8,,,,,,,,,1,,,,,,,,,,,,,,,,,,,,,,,,,,,1,,,,,3,,,,,,,,,,,,,,,,,,,,,,,,,,,,,,,,,,,,,,,,,,,,,,,,,,,,,,,,,,,,,,,,,,,1,,,,,,,,,,,1,,,,,,,,,,,,,,,,,,,,,,,,,,,,,,,,,,,,,,,,,,,,,,,,,,,,,,,,,,,,,,,,,,,,,,,,,,
Nigeria,,,,,,,,,,,,,,,,,,,,,3,,,,,,,,,,,,,,2,,,,,2,,,,,,,,,,,4,,,,,,,,,,,3,,2,,,3,,,,,4,,,1,,,4,6,,,,,,,,,,,,,,,,,,,,,,,,,,,,1,,1,,,,,,2,,1,,,,,,,,,,1,,,,,,,,,,,,1,,,,,1,,,,,1,,,,,,,,,,,,,,,,,1,,,,1,,,,,,,1,1,,,1,,,,,,2,,,1,,1,,,,,,,,,2,,,,1,,,,,,2,4,3,,,,,,,,,,,
Niue,,,,,,,,,,,,,,,,,,,,,,,,,,,,,,,,,,,,,,,,,,,,,,,,,,,,,,,,,,,,,,,,,,,,,,,,,,,,,,,,,,,,,,,,,,,,,,,,,,,,,,,,,,,,,,,,,,,,,,,,,,,,,,,,,,,,,,,,,,,,,,,,,,,1,,,,,,,,,,,,,,,,,,,,,,,,,,,,,,,,,,,,,,,,,,,,,,,,,,,,,,,,,,,,,,,,,,,,,,,,,,,,,
Norfolk Island,,,,,,,,,,,2,,,,,,,,,,,,,,,,,,,,,,,,,,,,,,,,,,,,,,,,,,,,,,,,,,,,,,,,,,,,,,,,,,,,,,,,,,,,,,,,,,,,,,,,,,,,,,,,,,,,,,,,,,,,,,,,,,,,,,,,,,,,,,,,,,,,,,,,1,,,,,,,,,,,,,,,,,,,,,,,,,,,,,,,,,,,,,,,,,,,,,,,,,,,,,,,,,,,,,,,,,,,,,,,,,,,,,
North Korea,,,,,,,,,,,,,,,,,,,,,,,,,,,,,,,,,,,,,,,,,,3,,,,,,,,,,,,,,,,,,,,,,,,,,,,,,,,,,,,,,,,,,,,,,,,,,,,,,,,,,,,,,,,,,,,,,,,,,,,,,,,,,,1,,,,,,,,,,,,,,,,,,,,,,,,,,,,,,,,,,,,,,,,,,,,1,,,,,,,,,,,,,,,,,,,,,,,,,,,,,,,,,,,,,,,,,,,,,,,,,,,,,,,
Northern Mariana Islands,,,,,,,,,,,,,,,,,,,,,,,,,,,,,,,,,,,,,,,,,,3,,,,,,,,,,,,,,,,,,,,,,,,,,,,,,,,,,,,,,,,,,,2,,,,,,,,,,,,,,,,,,,,3,,,,,,,,,,,,,,,,,,,,,,,,,,,,,,,,,,,,,,,,,,,,,,,,,,,,,,,,,,,,,,,,,,,,,,,,,,,,,,,,,,,2,,,,,,,,,,,,,,,,,,,,,,,,,,,,,,,,,,,,
Norway,,,,,,,,,,,,2,,,,,,,3,,,,,,,,,,,1,,,,,,,,,,,,,,,,,,,,,,9,,1,3,29,,,,,,,,,,6,,,2,,3,15,,,,,,26,,,11,,,,,,,,,,,,,1,6,,,,,3,,,14,,,,,,,,,,,10,,,,,8,,,,,,,,,2,,,,,,,,,,,1,,,,,15,,,,,,,,,,,,1,,,,,,,31,3,,1,,1,4,,,,,,,,,,2,,,,1,,,,,,,52,,,,,13,3,,,,3,,,,,7,,,,,1,,42,5,,,,,,,,,,,
Oman,,,,,,,,,,,,,,,3,4,,,,,,,,,,,,,,,,,,,,,,,,,,,,,,,,,,,,,,,,,,,,,,2,,,,,2,,,,,1,,,,,,2,,,,,,,,,,,,,,,,,,24,,3,,,,,1,,,,2,,,,2,,,,1,,,,,,,,,,2,1,,,,,,,,,,,,,,,,,1,,,,,,,,,,,,,14,,,,,,,,,,6,,,,,,,,,,,7,,,,,,,,,,,,,,3,,,,,2,,,1,1,,,,,2,,,,,,20,1,,,,,,,,,,,,
Pakistan,4,,,,,,,,,,,,,,6,1,,,,,,,,,,,,,,,,,,,,3,,,,,,4,,,,,,,,,,,,,,1,,,,,,,,,,,,,,,,1,,,,,,,,,,,,,,,,,,,,,,,,3,,3,,,,,2,,,,,,,,6,,,,,,,,,,,,,,3,,,,,,,,,,,,,,,,,,1,,,,,,,,,,,1,13,,,,,,,,,,,6,,,,,,,,,,,39,,,,,,,,,,,,,2,2,,,,,,,,,4,,,,,3,,,,,,51,7,,,,,,,,,,,,
Palau,,,,,,,,,,,,,,,,,,,,,,,,,,,,,,,,,,,,,,,,,,,,,,,,,,,,,,,,,,,,,,,,,,,,,,,,,,,,,,,,,,,,,1,,,,,,,,,,,,,,,,,,,,3,,,,,,,,,,,,,,,,,,,,,,,,,,,,,,1,,,,,,,,,,,,,,,,,,,,,,,,,,,1,,,,,,,,,,,,,,,,,,,,,,,,,,2,,,,,,,,,2,,,,,,,,,,,,,,,,,,,,,,,,,,,
Panama,,,,,,,,2,,1,,,,1,,,,,,,,,,1,,,7,,,,,,,,,1,,,,,1,,,,10,,,,,7,,,2,,,,,,4,,3,,2,,,,,,,,,1,,,,,,,,,,,,,,1,,,,,2,2,,,,,,,,,,,,2,,,,,,,,,,,,,,,,,,,,,,,,,,,,,,8,,,,,,,,,,2,2,,,2,,,,,,,,,,,,1,2,,,,1,,,,,,,,,,,,,,,,,,,,,,,,,1,,,,,,,,,,,,,2,,,,,,,,,,30,1,,,6,,,,,,,
Papua New Guinea,,,,,,,,,,,9,,,,,,,,,,,,,,,,,,,,,,,,,,,,,,,,,,,,,,,,,,,,,,,,,,,,,,,,,,,1,,,,,,,,,,,,,,,,,,,,,,,1,,,,1,,,,,,,,1,,,,,,,,,,,,,,,,,,,,,,,,,,,,,,,,,,,,,,,,,,,,,,,,,,,,,,,,,2,,,,,,,,,,,,,,,,,,,,1,,,1,,,,,,,,,,,,,,,,,,,,,,,,,,,,,,,,,,,,,,,
Paraguay,,,,,,,,4,,,,,,,,,,,,,,,,2,,,5,,,,,,,,,,,,,,2,,,,,,,,,,,,,,,,,,,,,,,,,,,,,,,,,,,,,,,,,,,,,,,,,,,,,,,,,,,,,,,,,,,,,,,,,,,,,,,,,,,,,,,,,,,,,,,,,,,,,,,,,,,,,,,,,,,,,1,,,1,,,,,,,,,,,,,,,,,,,,,,,,,,,,,,,,,,,,,,,,,,,,,,,,,,,,2,1,,,,,,,,,,
Peru,,,,,,,,4,,,,,,,,,,,,,,,,8,,,10,,,,,,,,,1,,,,,7,,,,4,,,,,1,,,2,,,,,,2,,6,,1,,,,,,,,,2,,,,,,,,,,,,,,,,,,,,,,,,,,,,,,,,,,,,,,,,,,,,,,,,,,,,,,,,,,,,,,4,,,,,,,,,,2,,,,,,,,,,,,,,2,,1,,,,,,,,,,,,,,,,,,,,,,,,,,,,,,3,,,,,,,,,,,,,,,,,,,,,,,21,1,,,2,,,,,,,
Philippines,,,,,,,,,,,4,,,,2,,,,,,,,,,,,,,2,,,,,1,,1,,,,,,13,,,,,,,,,,,,,,,,,,,,,,,,,,,,,,,,,,,,,,,,,,,2,,,,,,,,11,,,,5,,,,,,,,15,,,,,,,,,,,,,,,,5,,,,9,,,,,,,,,,,,,,,,,,,,,,,,,,,,,,,,1,,2,,,,,,,3,,,,,,,,,,,5,,,,,17,,,,,,27,,,,,,,,,9,,,6,,,,,,,,,,,7,1,3,,,,,4,,,,,,
Poland,,,,,,,,,1,,,4,,,,,,2,6,,,,,,,,,,,2,,,,,,2,,,,,,2,,,,,,,,,,3,,2,3,8,,,,,,,,,,1,,,,,5,15,,,,,3,44,,,7,,,,,,,,,,,,,2,,,,,,15,,4,29,,,,,,,,,,,2,,,,,1,,,,,,,,,2,,,,,,,,,,,,,,,,9,,,,,,,,,,31,,,,,,,,,,2,,1,,2,4,,,,,,,,,,2,,,,,2,,,,,,22,,,,,13,7,,,,,,,,,2,,,,,6,2,67,2,,,,,,,,,,,
Portugal,,,2,,3,,,,,,,6,,,,,,,18,,,,,,,,12,,,,,,,,,8,9,,,,,,,,,,,,,,,,,,2,5,,,,,,,,,,,,,,,2,51,,,,,,62,1,,,,,,,,,,,,,,,1,,,,,,12,,,18,,,,,,,,,,,,,,,,,7,,,,,,,1,,,,,,,,,1,,,4,1,,,,22,,,,,,,,,,3,,,,,,,,,2,,,,,1,2,,,,,,,2,,1,,,,,,,,,,,,43,,,,,4,17,,,,,,,,1,2,,,,,2,2,82,14,,,,3,,,,,,,
Puerto Rico,,,,,,2,1,,,,,,,,,,,,,,,,,,,,,7,,,,,,,,1,,,,,,,,,1,,,,,,,,,,,,,4,9,,,,,,,,,,,,,1,,,,,,1,,,,,,2,,,,,,,,,,,,,,,,,,,,,,,,,,,,,,,,,,,,,,,,,,,,,,2,,,,,,,,,,,,,,,3,,,,,,,,,,,,,1,,,,,,,,,,,,,4,,,,,,,,,,,,,,,,,,,,,,,,,,,,,,,,,,,,1,,,,,,53,,,,1,,8,,,,,
Qatar,,,1,,,,,,,,2,1,2,,12,1,,,1,,,,,,,,1,,,,,1,,,,1,,,,,,6,,,,,,,,,,,,1,,1,,,,,,4,,,,,1,,,,,1,,,,,,9,,,2,,,,,,,,,,,,2,1,,17,1,5,5,,,,4,,6,,2,,1,,2,,,,2,,,,,,,,,,2,1,,,,,,,,,,,,,1,,,,2,3,,,,,,1,,,,1,6,5,,,,,,3,1,,,,,1,1,,,,,,,,9,,,,,1,,,,,1,2,,6,2,2,,,1,3,,,1,1,,,,1,4,,,,1,,11,4,11,,,,,1,,,,3,,
Reunion,,,,,,,,,,,,,,,,,,,,,,,,,,,,,,,,,,,,,,,,,,,,,,1,,,,,,,,,,,,,,,,,,,,,,,,,,5,,,,,,,,,,,,,,,,,,,,,,,,1,,,,,,,,,,,,,,,,,,,,,,,,,,,6,,,,,,,,,7,1,,,,,,,,,,,,,,,,,,,,,,,,,,,,,,,,,,,,,,,,,,,,,,,,,,,,,,1,,,,,,,,,,,,,,,,,,,,,,,,,,,,,,,,,,,,,
Romania,,,,,,,,,,,,8,,,,,,,4,,,,,,,,,,,3,,,,,,,,,,,,,,,,,,,,,,,,3,5,1,,,,,,,,,,,,,,,,7,,,,,,16,,,4,,,,,,,,,,,,,1,,,,,,2,,5,34,,,,2,,,,,,,,2,,,,,,,,,,,,,,,,,,,,,3,,,,,,,,4,,,,,,,,,,1,,,,,,,,,2,1,,1,,,2,,,,,,,,,,2,,,,,,,,,,,17,,,,,,3,,,,,,,,,4,,,,,,3,11,,,,,,,,,,,,
Russia,,,1,,,,,,27,,,13,21,,,,,12,2,,,,,,,,,,,8,,,,,,2,,,,,,48,,,,,,,,,,2,3,11,24,3,,,4,,,11,,,,3,,,,,9,11,,,,,5,47,,,28,,,,,,,,,,,,9,4,,2,,2,,,,10,34,,9,,2,35,,,,49,,8,2,,,,4,,,,,,,2,,4,,,,1,,1,,5,2,7,2,,,,,4,,,,,,,,1,,4,,,,,,,,,4,2,,1,,2,,,,,,,,,,,2,1,,2,,2,,,,13,,28,1,,,,4,6,,77,,11,,,,6,32,2,,,,38,35,8,13,,81,,,6,,,,,,
Rwanda,,,,,,,,,,,,,,,,,,,1,,,,,,,,,,,,,,7,,,,,,,,,,,,,,1,,,,,,,,,,,,,,,,,,,,2,,,,,,,,1,,,,,,,,,,,,,,,,,,,,,,,,,,,,,,,,,,8,,,,,,,,,,,,,,,,,,,,,,,,,,,,,,,,,,,,,,,,,1,,,,,,,,,,,,,,,,,,,,,,,,,,,,,,,,,,,,,2,,1,,,,,,,,,,2,,,,,,1,,,,11,,1,,,,,,,,,,,,,
Saint Kitts and Nevis,,,,,,,4,,,,,,,1,,,,,,,,,,,,,,,,,,,,,,,,,,,,,,,,,,,,,,,,,,,,,,,,,,,,,,,,,,,,,,,,,,,,,,,,,,,,,,,,,,,,,,,,,,,,,,,,,,,,,,,,,,,,,,,,,,,,,,,,,,,,,,,,,,,3,,,,,,,,,,,,,,,,,,,,4,,,,,,,,,,,,,,,,,,,,,,,,,,,,,,,,,,,,,,,,,,,,,,,,2,,,,,,1,,,,,
Saint Lucia,,,,,,,2,,,,,,,,,,2,,,,,,,,,,,,,,,,,,,2,,,,,,,,,,,,,,,,,,,,,,1,,,,,,,,,,,,,,,,,,,,,,,,,3,,,,,,,,,,,,,,,,,,,,,,,,,,,,,,,,,,,,,,,,,,,,,,,5,,,,,,,,,,,,,,,,,,,,,,,,,,,,,,,,,,,,,,,,,,,,1,,,,,,,,,,,,,,,,,,,,,,,,,,,,,4,,,,,,,,,3,7,,,,,,,,,,,
Saint Pierre and Miquelon,,,,,,,,,,,,,,,,,,,,,,,,,,,,,,,,,,,,3,,,,,,,,,,,,,,,,,,,,,,,,,,,,,,,,,,,,,,,,,,,,,,,,,,,,,,,,,,,,,,,,,,,,,,,,,,,,,,,,,,,,,,,,,,,,,,,,,,,,,,,,,,,,,,,,,,,,,,,,,,,,,,,,,,,,,,,,,,,,,,,,,,,,,,,,,,,,,,,,,,,,,,,,,,,,,,,,,,,,,,,,,,,,
Saint Vincent and the Grenadines,,,,,,,,,,,,,,,,,1,,,,,,,,,,,,,,,,,,,,,,,,,,,,,,,,,,,,,,,,,,,,,,,,,,,,,,,,,,,,,,,,,,1,,,,,,,,,,,,,,,,,,,,,,,,,,,,,,,,,,,,,,,,,,,,,,,,,,,,,,,,,,,,,,,,,,,,,,,,,,,,,,,,,,,,,,,,,1,,,,,,,,,,,,,,,,,,,,,,,,,,,,,,,1,,,,,,,,,,,,,,,,,,,,,
Samoa,,,,,,,,,,,,,,,,,,,,,,,,,,,,,,,,,,,,,,,,,,,,,,,,,,,,,,,,,,,,,,,,,,,,,,1,,,,,,,,,,,,,,,,,,,,,,,,,,,,,,,,,,,,,,,,,,,,,,,,,,,,,,,,,,,,,,,,,,,,,,,,,,,,,3,,,,,,,,,,,,,,,,,,,,,,,,,,,,,,,,,,,,,,,,,,,,,,,,,,,,,,,,,,,,,,,,,,1,,,,,,,,,,,
Sao Tome and Principe,,,,,1,,,,,,,,,,,,,,,,,,,,,,,,,,,,,,,,1,,,,,,,,,,,,,,,,,,,,,,,,,,,,,,,,,,,,,,,,,,,,,,,,,,,,,,,,,,,,,,,,,,,,,,,,,,,,,,,,,,,,,,,,,,,,,,,,,,,,,,,,,,,,,,,,,,,,,,,,,,,,,,,1,,,,,,,,,,,,,,,,,,,,,,,,,,,,,,,,,,,,,,,,,,,,,,,,,,,,,,,,,,,,
Saudi Arabia,,,2,,,,,,,,,,,,8,7,,,,,,,,,,,,,1,,,,,,,1,,,,1,,2,,,,,,,,,,,,,,,,,,,,54,,,1,,9,,,,,4,,,,,,10,,,,,,,,,,,,,,,1,,,38,6,12,,,,,8,,,,10,,2,,17,,,,5,,,2,,,,,,,5,,,,,,,,,,,,,,4,,,,,3,,,,,,1,,,,,7,40,,,,,,5,,,,9,,,,,,,,,,,,,,,,3,,,,,1,1,,2,9,8,,,,2,,,,,,,,3,20,,,,,,46,7,5,,,,,,,,,15,,
Senegal,,,1,,,,,,,,,,,,,,,,5,,2,,,,,,,,,,1,,,,1,,2,,,,,,,,,,,,,,3,,,,,,,,,,,,,,,,,,,,,3,,,,4,,,3,,,,,,,,,8,2,,,,,,,,,,,,,,1,,,,,,,,,,,,,,,,,,,,,,,,5,,,,2,,,,,,,,1,,,,,,,,,,,1,,,,,,,,,,,,,,1,,,,,,,,,,,,,,,,,2,,,,,,3,,,8,,,,,,,,,,,,,,1,1,,,,,,1,,4,,,,,,,,,,,
Serbia,,,,,,,,,,,,3,,,,,,,2,,,,,,3,,,,,2,,,,,,,,,,,,,,,,,,,,,,2,,2,1,2,,,,,,,,,,,,,,,,4,,,,,,25,,,4,,,,,,,,,,,,,2,,,,,,,,1,6,,,,,,,,,,,,,,,,,,,1,,,,,,,,,,,,,,,,4,,,,,,3,,,,,,,,,,2,,,,,,,,,2,,,,,2,2,,,,,,,,,,,,,,,2,,,,,,,,,,,6,9,,,,,,,,1,6,,,,,,3,4,,,,,,,,,,,,
Seychelles,,,,,,,,,,,,,,,,,,,,,,,,,,,,,,,,,,,,,,,,,,,,,,,,,,,,,,,,,,,,,,,,,,,,,,,,,,,,,,1,,,,,,,,,,,,,,,,,,,,,,,,,,,,,,,1,,,,,,,,,,,,,,,,,,,,,,,1,,,,,,,,,,,,,,,,,,,,,,,,,,,,,,,,,,,,,1,,,,,,,,,,,,,,,,,,2,,,,2,,,,,,,,,,,,,,,,,,,,4,,,,,,,,,,,,,
Sierra Leone,,,,,,,,,,,,,,,,,,,,,,,,,,,,,,,,,,,,,,,,,,,,,,,,,,,1,,,,,,,,,,,,,,,,,,,,,2,,,,2,,,3,,,,,,,,,,,,,,,,,,,,,,,,,,,,,,,,,,,,,,8,,,,,,,,,,,,,,,,,,,,,,1,,,,,,,,,,,1,,,,,,,,,,,,,,,,,,,,,,,,,,,,2,,,,,,,,,,,,,,,,,,,,,,,,,,,,,,,,,,2,,,,,,,,,,,,
Singapore,,,,,,,,,,,42,,,,,4,,,,,,,,,,,,,2,,,6,,8,,,,,,,,44,,,,,,,,,,,,,,2,,,,1,,,,,,,,,,,1,2,,,,,,7,,,,,,,,,,,,,,,8,,,37,62,,,,,,2,,18,,,,,,,,1,,,,,,,,1,,,,39,2,,,,,,,,,,,,,,,,,2,3,,,5,,,,,,,,,,,,1,,,17,,,,1,,,2,,,,,,,,3,,,,,,,,,,4,5,,1,5,,,,,3,8,,,27,,,,,3,,,,,,11,4,,,2,,,12,,,,,,
Slovakia,,,,,,,,,,,,1,,,,,,,1,,,,,,,,,,,,,,,,,,,,,,,,,,,,,,,,,,,,5,,,,,,,,,,,,,,,,,1,,,,,,,,,,,,,,,,,,,,,,,,,,,,1,,,4,,,,,,,,,,,,,,,,,,,,,,,,,,,,,,,,,,,,,,,,,,,,,,,,,,,1,,,,,,,,,,,,,,,,,,,,,,,,,,,,,,,,,,,,3,,,,,,,,,,,,,,,,,,,,,,6,,,,,,,,,,,,
Slovenia,,1,,,,,,,,,,2,,,,,,,3,,,,,,1,,,,,,,,,,,,,,,,,,,,,,,,,,,,,,1,2,,,,,,,,,,,,,,,1,2,,,,,,4,,,,,,,,,,,,,,,,,,,,,,,,,,,,,,,,,,,,,,,,,,,,1,,,,,,,,,,,,,,,,2,,,,,,1,,,,,,,,,,,,,,,,,,,2,,,,,,2,,,,,,,,,,2,,,,,,,,,,,,,,,,,2,,,,,,,,,2,,,,,,,2,,,,,,,,,,,,
Solomon Islands,,,,,,,,,,,2,,,,,,,,,,,,,,,,,,,,,,,,,,,,,,,,,,,,,,,,,,,,,,,,,,,,,,,,,,,2,,,,,,,,,,,,,,,,,,,,,,,,,,,,,,,,,,,,,,,,,,,,,,,,,,,,,,,,,,,,,,,,,,,,,,,,,,,,,,,,,,,,,,,,,1,,,,,,,,,,,,,,,,,,,,,,,,,,,,,,,,,,,,,,,,,,,,,,,,,,,,,,,,,3,,,,,,,,
Somalia,,,,,,,,,,,,,,,,,,,,,,,,,,,,,,,,,,,,,,,,,,,,,,,,,,,,,,,,,4,,,,,,,,,,1,,,,,,,,,,,,,,,,,,,,,,,,,,,,,,,,,,,,,,,,,,6,,,,,,,,,,,,,,,,,,,,,,,,,,,,,,,,,,,,,,,,,,,,,,,,,,,,,,,,,,,,,,,,,,,,,,,,,,,,,,,,,,,,,,,,,,,,,,,,,,,,1,,2,,,,,,,,,,,1,,
South Africa,,,,,3,,,,,,4,,,,,,,,,,,,,,,9,2,,,,,,,,,,,,,,,,,,,,2,3,,,,,,,,,,,,,,2,,,,,2,,,,,2,,,1,,,6,1,,,,,,,,,,,,,,2,,,3,,,,,,1,,,,,,,2,,,,,,,1,,,,,,,2,3,,,,,,,,5,,,,,,,,15,9,,,3,,,,,,2,,,,,,,,,,,,,,,,2,1,,,2,,,,,,,1,3,,2,,4,,,,,,,,,,,,1,,2,,,2,2,,,,,1,,,,1,,10,9,5,,,,,,,,,,7,9
South Korea,,,,,,,,,,,5,1,,,,,,,,,,,,,,,,,,,,3,,8,,4,,,,,,151,,,,,,,,,,,,,2,,,,,,,,,,,,,,,1,1,3,,,,,,4,,,,,,,4,,,,,,,,16,,,3,6,,,,,1,2,,105,,,2,2,,,,2,,,,,,,,6,,,,8,,,,,,,,,,,,2,,,,,,1,2,,,1,,,,,,2,,,,2,,,,,26,,,,2,,,14,,,,,,,,1,,,,,5,,,,,,,,1,1,,,,,,18,,,21,,,,,3,,,,,,5,3,39,,3,,,13,,,,,,
South Sudan,,,,,,,,,,,,,,,,,,,,,,,,,,,,,,,,,,,,,,,,,,,,,,,,,,,,,,,,,,,,,,2,,,,,2,,,,,,,,,,,,,,,,,,,,,,,,,,,,,,,,,,,,,,,,,,2,,,,,,,,,,,,,,,,,,,,,,,,,,,,,,,,,,,,,,,,,,,,,,,,,,,,,,,,,,,,,1,,,,,,,,,,,,,,,,,,,,,,2,,,,,,,,,,,,,,,,,2,,1,,,,,,,,,,,,,
Spain,,,14,,1,,,4,,,,40,,,,,,1,60,,,,,2,,,8,,,8,,,,,,4,1,,,,2,2,,,5,,,,,1,,5,3,,16,31,,,5,,4,2,,1,,1,,,,,16,151,,,,4,,353,1,,7,,,,,1,,,,,,,,5,2,,,,,53,,6,120,,,,4,,,,,,,3,,,,1,4,12,,,,,,,,4,,,3,,,8,,,,,39,,,,,68,,,,,,1,,,,52,,2,,1,,,3,,22,43,,5,,17,28,,,,,,,,2,7,,,,1,3,,,,,1,,,,,,,34,42,,,,1,,,,3,7,,,,,11,2,512,57,1,,,4,,,,3,,,
Sri Lanka,,,,,,,,,,,,,,,2,2,,,,,,,,,,,,,,,,,,,,,,,,,,5,,,,,,,,,,,,,,,,,,,,,,,,,,,,,,1,,,,,,1,,,,,,,,,,,,,,,,,,22,2,,,,,,3,,1,,,,,,3,,,,,,,,,,,,,,4,11,,,,,,,,,,,,,,,,,,,,,,,,,,,,,3,2,,,,,,,,,,2,,,1,,,,,,,,11,,,2,,5,,,,,,1,,,,,,,,,,,,4,,,,,,,,,,,12,1,,,,,,,,,,,,
Sudan,,,,,,,,,,,,,,,1,,,,,,,,,,,,,,,,,,,,,,,,,1,,,,,,,,,,,,,,,,,,,,,,3,,,1,,2,,,,,,,,,,,,,,,,,,,,,,,,,,,,,,,,,,,,,,,,2,,1,,,,,,,,,,,,,,,,,,,,,,,,,,,,,,,,,,,,,,,,,,,,,,,,,,,,,,,,,2,,,,,,,,,,,8,,,,,,,,,,,,2,,,,,,,,,,,,,,,,1,,,,,,10,,,,,,,,,,,1,,
Suriname,,,,,,,,,,1,,,,,,,,,,,,,,,,,1,,,,,,,,,,,,,,,,,,,,,,,,,,,,,,,,,,,,,,,,,,,,,,1,,,,,,,,,,,,,,,,,1,,,,,,,,,,,,,,,,,,,,,,,,,,,,,,,,,,,,,,,,,,,,,,,,,,,,,,2,1,,,,,,,,,,,,,,,,,,,,,,,,,,,,,,,,,,,,,,,,,,,,,,,,,,,,,,,,,,3,,,,,,,,,,,,,,,,,,,,,
Swaziland,,,,,,,,,,,,,,,,,,,,,,,,,,,,,,,,,,,,,,,,,,,,,,,,,,,,,,,,,,,,,,,,,,,,,,,,,,,,,,,,,,,,,,,,,,,,,,,,,,,,,,,,,,,,,,,,,,,,,,,,,,,,,,,,,,,,,,,,,,,,,,,,,,,,,,,,,,,,,,,,,,,,,,,,,,,,,,,,,,,,,,,,,,,1,,,,,,,,,,,,,,,,,,,,,,,,,,,,,,,,,,,,,
Sweden,,,,,,,,,,,,4,,,,,,1,6,,,,,,3,,,,,,,,,,,,,,,,,2,,,,,,,,,,9,,2,4,9,,,,,,,,,,4,2,,,,22,17,,,,,,29,,,10,,,,,,,,,,,,,4,1,,,3,7,2,,1,19,,,,,,,,,,,4,,,,,2,1,,3,,,,,,3,,,,,,,,,,,1,,,,,7,,,,,,,,,,13,,,,,,,,,13,3,,1,,,4,,,,,,,,,,6,,,,,,,,,,,34,,,,,,6,,,,3,,,,,6,,,,,,2,27,7,,,,,,,,,,,
Switzerland,,,1,,,,,,,,,11,,,,,,1,6,,,,,,1,,1,,,1,,,,,,8,,,,,,3,,,,,,,,,,8,1,3,4,7,,,1,,,10,,,,,,,,,3,21,,,,,,42,,,9,,,,,,,,,,,,1,2,1,4,,,,3,,5,38,,2,2,2,,3,,,,,1,1,,,,,2,,2,,,,,,3,,,,,,,,,,1,5,,,,,5,,,,,,,,,,3,2,,,,,,,,7,21,,3,,3,6,,,,,,,,2,,9,,,3,,2,,,2,1,,42,,,,,6,,,,,2,,,,6,11,,,,,3,7,24,29,,,,,,,,,,,
Taiwan,,,,,,,,,,,3,1,,,,,,,,,,,,,,,,,,,,1,,3,,3,,,,,,189,,,,,,,,,,,,,,,,,,,,,,,,,,,,,,1,,,,,,1,,,,,,,2,,,,,,,,13,,,2,7,,,,,,,,68,,,,,,,,,,,,,,,,8,,,,7,,,,,,,,,,,,,,,,,,,2,,,,,,,,,,,,,2,,,,,9,,,,,,,,,,,,,,,,,,,,9,,,,,,18,,,,,,,,,,,,8,,,,,,,,,,,1,,14,,,,,13,,,,,,
Tajikistan,,,,,,,,,,,,,,,,,,,,,,,,,,,,,,,,,,,,,,,,,,4,,,,,,,,,,,,,,,,,,,,,,,,,,,,,,,,,,,,1,,,,,,,,,,,,,,,,,,1,,3,,,,,,,,,,6,,,,2,,,,,,,,,,,,,,,,,,,,,,,,,,,,,,,,,,,,,,,,,,,,,,,,,,,,,,,,,73,,,,,,,,,,,,,,,,,,,,,,,,,,,,,,,,,,,,3,,,,,,3,,,,,,,,,,,,,
Tanzania,,,,,,,,,,,,,,,,,,,,,,,,,,,,,,,,,,,,,,,,,,,,,,1,,,,,,,,,,,,,,,,1,,,,,4,,,,,,,,,,,1,,,,,,,,,,,,,,,,,,,,,,,,,,,,,,,16,,,,,,,,,,,,,,,1,,,,,,,,,1,,,,,,,1,,,,3,,,,,,,,,,,1,,,,,,,,,,,1,,,,2,,,,,,,,,,,,,,,,,2,,,,,,,,,,,,,,,,,,1,,,,4,,1,,,,,,,,,,,,,1
Thailand,,,,,,,,,,,14,3,,,3,7,,,2,,,,,,,,,,2,,,12,,8,,,,,,,,72,,,,,,,,,,,,,,2,,,,,,3,,,,,2,,,,1,3,,,,,,4,,,,,,,,,,,,,,,24,,,18,8,1,,,,2,2,,21,,2,1,3,,1,,10,,,,,,,,4,,2,,33,1,,,,,,,,,,,1,,,,,,2,3,,,2,,,,,,,3,1,4,,,,,,6,,,,1,,,13,,,,,,,,,,,,,28,,,,,2,21,,1,4,,,,3,2,8,,,,,,,,2,,,,,1,9,4,,,1,,,10,,,,,,
Togo,,,,,,,,,,,,,,,,,,,3,,2,,,,,,1,,,,2,,,,1,,,,,,,,,,,,,,,,2,,,,,,,,,,,,,,,,1,,,,,1,,,1,,,,2,,,,,,,,,1,,,,,,,,,,,,,,,,,,,,,,,,,,,,,,,,,,,,,,,1,,,,,,,,,,,,,,,,,,,,,,,2,,,,,,,,,,,,,,,,,,,,,,,,,,,,,,,,,,,,,,,,,,,,,,,,,,,,,,,,,,,,,,,,,,,,,,,,,,
Tonga,,,,,,,,,,,1,,,,,,,,,,,,,,,,,,,,,,,,,,,,,,,,,,,,,,,,,,,,,,,,,,,,,,,,,,,2,,,,,,,,,,,,,,,,,,,,,,,,,,,,,,,,,,,,,,,,,,,,,,,,,,,,,,,,,,,,,,,,,,,,,,,,,,,,,2,,,,,,,,,,,,,,,,,,,,,,,,,,,,,,,,,,,,,,,,,,,,,,,,,,,,,,,,,,,,,,,,,,,,,,,,,,,,,
Trinidad and Tobago,,,,,,,1,,,,,,,,,,2,,,,,,,,,,,,,,,,,,,2,,,,,,,,,,,,,,,,,,,,,,,,,,,,,,,,,,,,,,,,,,,,,,,3,,,,,,,1,,,,,,,,,,,,,,1,,,,,,,,,,,,,,,,,,,,,,,,,,,,,,,,,,,,,,,,,3,,,,,,,,,,,,,2,,,,,,,,,,,,,,4,,1,,,,,,,,,,,,,,,,,,,3,,,,,,,,,,,,,,,,,,,1,11,,,,2,,,,,,,
Tunisia,,,3,,,,,,,,,1,,,,,,,4,,,,,,,,,,,,1,,,,,,,,,,,,,,,,,,,,1,,,,,,,,,,,2,,,,,,,,,,44,,,,,,32,,,,,,,,,,,,,,,,,,,,,,,,,8,,,,1,,,,1,,,,2,,,21,,2,,,,,,,1,1,,,1,,,,,,,,2,,,,,2,,,,,,,,,,,,,,,,,,,,1,,1,,,6,,,,,,,,3,1,1,,,,,,,,,,,2,,,,,,6,,,,,,,,,2,,,,,,2,22,,,,,,,,,,,,
Turkey,2,2,6,,,,,,,,,19,7,,2,1,,2,8,,,,,,4,,1,,,1,,,,,2,2,,,,,,7,,,,,,1,,,,2,,14,2,10,1,,,,,8,,,,1,1,,,,5,26,,,,,5,128,1,,6,,,,,,,,,,,,1,2,,4,,14,16,2,,3,12,,4,,3,7,2,,6,5,,2,3,,,6,1,3,,2,,,2,1,,4,,,,,,,,2,,1,3,,,,1,22,,,,,1,2,,,,7,2,3,,,,,,,2,2,,4,,4,31,2,,,,,,,18,,6,,,3,,2,,,1,3,,7,,1,,,6,11,,3,2,2,,,,2,,2,,,,20,8,89,10,,2,,,,,,,1,,
Turkmenistan,,,,,,,,,,,,,2,,,,,1,,,,,,,,,,,,,,,,,,,,,,,,1,,,,,,,,,,,,,,,,,,,,,,,,,,,,,,,,,,,,1,,,,,,,,,,,,,,,,,,2,,,,,,,,,,,,,,,,,,,,,,,,,,,,,,,,,,,,,,,,,,,,,,,,,,,,,,,,,,,,,,,,,,,,,,,,,2,,,,,,,,,,,,,,,,,,,,,,,,,,,,,,,,,,,,2,,,,,,2,2,,,,,,,,,,,,
Turks and Caicos Islands,,,,,,,,,,,,,,3,,,,,,,,,,,,,,,,,,,,,,3,,,,,,,,,,,,,,,,,,,,,,,3,,,,,,,,,,,,,,,,,,,,,,,,,,,,,,,,3,,,,,,,,,,,,,1,,,,,,,,,,,,,,,,,,,,,,,,,,,,,,,,,,,,,,,,,,,,,,,,,,,,,,,,,,,,,1,,,,,,,,,,,,,,,,,,,,,,,,,,,,,,,,,,,,,,,,,,,,,,,,14,,,,,,,,,,,
Tuvalu,,,,,,,,,,,,,,,,,,,,,,,,,,,,,,,,,,,,,,,,,,,,,,,,,,,,,,,,,,,,,,,,,,,,,,1,,,,,,,,,,,,,,,,,,,,,,,,,,,,,,,,,,,,,,,,,,,,,,,,,,,,,,,,,,,,,,,,,,,,,,,,,,,,,,,,,,,,,,,,,,,,,,,,,,,,,,,,,,,,,,,,,,,,,,,,,,,,,,,,,,,,,,,,,,,,,,,,,,,,,,,,,,
Uganda,,,,,,,,,,,,,,,,,,,4,,,,,,,,,,,,,,1,,,,,,,,,,,,,,,,,,,,,,,,,,,,,1,,,1,,1,,,,,,,,,,,,,,,,,,,,,,,,,,,,,,,,,,,,,,,,,,3,,,,,,,,,,,,,,,,,,,,,,,,,,,,,,,,,,,3,,,,,,,,,,,,,,,,,,,,,,1,,,,5,,,,,,,,,,,,,,,,1,1,,1,,,,,,,,,,4,,,,,,1,,,,,,1,2,,,,,,,,,,,,
Ukraine,,,,,,,,,2,,,10,3,,,,,2,2,,,,,,,,,,,,,,,,,,,,,,,,,,,,,,,,,,,6,3,,,,,,,,,,,1,,,,,1,3,,,,,7,12,,,5,,,,,,,,,,,,,1,,,,,,,,7,10,,,,1,4,,,,,,2,,,,,2,,,,,,,,,,,,,,,,,1,,,,,,,,2,,,,,,,,,,1,,,,,,,,,6,2,,,,,39,,,,,,,,,,,,,,,,,,,,,11,,,,,,3,,,,1,,,,,20,,,,,,10,3,1,,1,,,,,,,,,
United Arab Emirates,7,,2,,2,,,,2,,16,2,2,,15,10,,2,3,,,,,,,,3,,1,1,,,,,,3,,,,,,16,,,,,,,,,,,,3,2,2,1,,,,,11,,,,,3,,,,,7,,,,,1,23,1,,3,,,,,,,,,,,,4,1,,88,5,24,15,4,,,8,,8,,9,7,9,,12,1,,,6,,,1,,,,1,,,8,4,,1,,,,2,,,,1,,,4,,,,4,10,,,,,,2,,,,,21,51,,,,,,7,2,2,,10,,3,39,1,,,,,,,47,1,3,4,,11,,,,5,10,5,1,2,12,10,,,2,7,1,3,1,9,,,,2,8,2,,,1,10,,22,24,,2,,,3,,,,11,1,
United Kingdom,,1,3,,1,,3,1,,,,11,2,1,4,2,4,1,17,,,2,,,,,3,,,10,,,,,,42,9,,,,,11,,,,,,,,,,35,2,55,16,22,,,3,,,33,,,,3,1,,,,9,158,,,,,,103,2,6,105,,,,,,11,,,,,,3,15,10,17,,1,,63,10,6,141,4,8,25,2,3,3,,3,,,7,3,,,3,10,4,,1,,,2,1,,28,,,,4,,14,,1,,2,26,,,,,53,,,,,,4,,,,42,1,7,,,,,,1,67,84,,4,,11,8,,,4,,,,,8,,3,,2,4,6,2,,,8,3,,518,1,,,,27,24,,,,4,,,1,22,91,2,,,2,3,21,,203,,1,,,,,,,,,
United States,,,,1,,,7,10,,21,26,6,,72,,,3,,21,10,,11,,2,,,57,,,,,,,,,364,1,17,,,10,59,,,49,,,,2,34,,,,,,7,,,61,,8,2,28,,,,1,,,6,4,89,,7,,,,114,1,,3,,4,2,1,17,,,,2,13,19,16,,7,5,,,,35,,7,53,40,80,,6,,,2,2,,,1,,,,,,,,,,,,,,,1,2,,,,369,,,,,1,,,,,39,24,,10,6,,3,,,,5,,1,,29,,2,21,3,2,14,53,11,,,13,,3,7,,,1,,5,4,,,,,,,,,5,39,,57,,,,,7,29,14,,,,,,11,,10,,14,,,1,24,207,,2,,,9,,19,,,,,
Uruguay,,,,,,,,9,,,,,,,,,,,,,,,,,,,9,,,,,,,,,,,,,,2,,,,,,,,,,,,,,,,,,,,,,,,,,,,,,,,,,,,,,,,,,,,,,,,,,,,,,,,,,,,,,,,,,,,,,,,,,,,,,,,,,,,,,,,,,,,,,,,,,,,,,,,,,,,,,,,,,,,,1,,1,1,,,,,,,,,,,,,,,,,,,,,,,,,,,,,1,,,,,,,,,,,,,,,,,,,,,,,2,,,,,,,,,,,
Uzbekistan,,,,,,,,,,,,,1,,,,,,,,,,,,,,,,,,,,,,,,,,,,,4,,,,,,,,,,,,,2,,,,,,,,,,,,,,,,,1,,,,,,1,,,,,,,,,,,,,,,,,,2,,1,,,,1,2,,1,,,4,,,,2,,2,,,,,,,,,,,2,,,,,,,,,,,,,,,,,,,,,,,,,,,,,,,,,,,,,,,,,,,,82,,,,,,,,,,,,,2,,,,,,3,,,,,,,,,,,,1,,,,,2,,,,,1,2,1,,,,,,,,,,,,
Vanuatu,,,,,,,,,,,7,,,,,,,,,,,,,,,,,,,,,,,,,,,,,,,,,,,,,,,,,,,,,,,,,,,,,,,,,,,2,,,,,,,,,,,,,,,,,,,,,,,,,,,,,,,,,,,,,,,,,,,,,,,,,,,,,,,,,,,,,,,,,,,,,,,,,,,,2,2,,,,,,,,,,,,,,,,,,,,,,,,,,,,,,,,,,,,,,3,,,,,,,,,,,,,,,,,,,,,,,,,,,,,,,,,,,,,,,
Venezuela,,,,,,,,2,,11,,,,,,,,,,,,,,,,,3,,,,,,,,,,,,,,1,,,,5,,,,,,,,3,,,,,,1,,1,,,,,,,,,,,1,,,,,,1,,,,,1,,,,,,,1,,,,,,,,,,,,,1,,,,,,,,,,,,,,,,,,,,,,,,,,,,,,,1,,,,,,,,,,,6,,,,,,,,,,,,,6,,,2,,,3,1,,,,,,,,,,,,,,,,,,,,,,,,,4,,,,,,,,,,,,,2,,,,,,,,,,9,,,,,,,,,,,
Vietnam,,,,,,,,,,,4,,,,,,,,,,,,,,,,,,,,,2,,14,,,,,,,,23,,,,,,,,,,,,,,,,,,,,,,,,,,,,,,6,,,,,,4,,,,,,,,,,,,,,,10,,,,1,,,,,,,,20,,,1,,,,,6,,,,,,,,2,,,,6,,,,,,,,,,,,,,,,,,,,,,,,,,,,,,,,,,,,,4,,,,1,,,6,,,,,,,,,,,,,12,,,,,,13,,,,,,,,,13,,,10,,,,,,,,,,,3,,,,,,,,,,,,,
Virgin Islands,,,,,,1,,,,,,,,,,,,,,,,,,,,,,3,,,,,,,,,,,,,,,,,,,,,,,,,,,,,,1,,,,,,,,,,,,,,1,,,,,,,,,,,,,,,,,,,,,,,,,,,,,,,,,,,,,,,,,,,,,,,,,,,,,,,,,,,,,,,,,,,,,,,,,3,,,,,,,,,,,,,,,,,,,,9,,,,,,1,,,,,,,,,,,,,,,,,,,,,,,,,,,,,,,,,,,,,,,,,,20,,,,,,,,,,,
Wallis and Futuna,,,,,,,,,,,,,,,,,,,,,,,,,,,,,,,,,,,,,,,,,,,,,,,,,,,,,,,,,,,,,,,,,,,,,,1,,,,,,,,,,,,,,,,,,,,,,,,,,,,,,,,,,,,,,,,,,,,,,,,,,,,,,,,,,,,,,,,,,,,,,,,,,,,1,,,,,,,,,,,,,,,,,,,,,,,,,,,,,,,,,,,,,,,,,,,,,,,,,,,,,,,,,,,,,,,,,,,,,,,,,,,,,,
Western Sahara,,,,,,,,,,,,,,,,,,,,,,,,,,,,,,,,,,,,,,,,,,,,,,,,,,,,,,,,,,,,,,,,,,,,,,,,,,,,,,,,,,,,,,,,,,,,,,,,,,,,,,,,,,,,,,,,,,,,,,,,,,,,,,,,,,,,,,,,,,,4,,,,,,,,,,,,,,,,,,,,,,,,,,,,,,,,,,,,,,,,,,,,,,,,,,,3,,,,,,,,,,,,,,,,,,,,,,,,,,,,,,,,,,
Yemen,,,,,,,,,,,,,,,2,,,,,,,,,,,,,,,,,,,,,,,,,,,,,,,,,,,,,,,,,,2,,,,,6,,,2,,1,,,,,,,,,,,,,,,,,,,,,,,,,,,,,1,,,,,,,,,,,5,,1,,3,,,,1,,,,,,,,,,,,,,,,,,,,,,,,,,,,,,,,,,,,,,,,,,,,,,,,,,,2,,,,,,,,,,,16,,,,,,,,,2,,,,,,1,,,,,,,,,,,,,1,,,,,,12,,,,,,,,,,,,,
Zambia,,,,,1,,,,,,,,,,,,,,,,,,,,,1,,,,,,,,,,,,,,,,,,,,,,2,,,,,,,,,,,,,,,,,,,2,,,,,,,,,,,,,,,,,,,,,,,,,,,,,,,,,,,,,,,,,,6,,,,,,,,,,,,,,,6,,,,,,,,,,,,,,,,,2,,,3,,,,,,,,,,,,,,,,,,,,,,,,,,,,,,,,,,,,,,,,,,,7,,,,,,,,,,,,,,,,,,,,,,,,1,,,,,,,,,,,,,10
Zimbabwe,,,,,,,,,,,,,,,,,,,,,,,,,,2,,,,,,,,,,,,,,,,,,,,,,,,,,,,,,,,,,,,,,,,,2,,,,,,,,,,,,,,,,,,,,,,,,,,,,,,,,,,,,,,,,,,3,,,,,,,,,,,,,,,1,,,,,,,,,,,,,,,,,2,,,,,,,,,,,,,,,,,,,,,,,,,,,,,,,,,,,,,,,,,,,,,,9,,,,,,,,,,,,1,,,,,,,,,,,,,,,,,,,,,,,,11,
